time_s,n_material_points,x_min_m,x_max_m,x_p99_5_m,x_p99_9_m,y_min_m,y_max_m,y_p99_9_m,raw_front_advance_m,robust_front_advance_m,normalized_raw_runout,mean_speed_m_s,p95_speed_m_s,max_speed_m_s,mean_displacement_m,p95_displacement_m,max_displacement_m
0.0,30000,0.00033333332976326346,0.19966666400432587,0.1986699953675277,0.19966666400432587,0.00033333332976326346,0.09966666996479034,0.09966666996479034,0.0,0.0,0.0,0.0,0.0,0.0,0.0,0.0,0.0
0.01005,30000,0.00033279642229899764,0.2000785768032074,0.19906001299619705,0.19993548683822157,0.00033172714756801724,0.09963591396808624,0.09943439085036516,0.00041191279888153076,0.0002688228338957044,0.0020664521958649834,0.01776996728957074,0.08074309128790597,0.11124165028061167,0.00019647360459053854,0.000418596068957512,0.0005149569579937194
0.02,30000,0.00033315413747914135,0.20132224261760712,0.19988143362104893,0.20093708175420763,0.00033209266257472336,0.09964339435100555,0.09961037392169238,0.00165557861328125,0.0012704177498817637,0.008305578438280328,0.037725561249612155,0.16051769113890496,0.21394454511498412,0.0003713120674539903,0.0016089840554177704,0.0020705870532532074
0.03,30000,0.00033299217466264963,0.2033408284187317,0.2010696105659008,0.20267897087335607,0.0003315431531518698,0.09962161630392075,0.09945052922517061,0.0036741644144058228,0.0030123068690302013,0.01843226319437952,0.05012826422300235,0.2379572150521446,0.3286770482790836,0.0008290958770238808,0.003603320038567832,0.004659450598913715
0.04,30000,0.00033308923593722284,0.2063150256872177,0.20313458494842054,0.20523935927450693,0.000330718990880996,0.09962394833564758,0.09952308518439533,0.006648361682891846,0.005572695270181061,0.03335298547610261,0.06503449037509812,0.31434149806789125,0.452673083805053,0.0013298696156298952,0.006353472554366142,0.008348860844818536
0.05,30000,0.00033303454983979464,0.21022120118141174,0.2058326841890812,0.2085963699519635,0.0003024661564268172,0.09961482882499695,0.09945985055714845,0.010554537177085876,0.008929705947637645,0.05294918386889105,0.07430439151195277,0.3842825354773388,0.6377901973336085,0.00200767662958833,0.00985937541154877,0.013121792435158266
0.06,30000,0.00033306030672974885,0.21563154458999634,0.20938902840018273,0.2130997055768969,0.00030190267716534436,0.09961403161287308,0.09945717099308969,0.01596488058567047,0.013433041572571025,0.08009137524388833,0.08410616509405462,0.45041912354030433,0.7880315629306286,0.002743950524740692,0.014024324928266899,0.01894624498416671
0.07,30000,0.0003330658655613661,0.22249391674995422,0.2137823435664177,0.21839822073280882,0.00030067760962992907,0.09961074590682983,0.09945067843794823,0.022827252745628357,0.01873155672848295,0.11451799189016108,0.08909620289167712,0.5038060829350017,0.9679393459443343,0.0035823106753620076,0.018785049454215663,0.025811453291884816
0.08005,30000,0.00033304933458566666,0.23119159042835236,0.2190773691982031,0.2248718453943739,0.00030119114671833813,0.09960997104644775,0.0994296329393983,0.03152492642402649,0.025205181390048043,0.15815180691228706,0.0936817319775175,0.5520174604053237,1.1258521859843753,0.004466985782551907,0.024054927363802783,0.03451997442666741
0.09005,30000,0.00033306749537587166,0.24071374535560608,0.22517858095467097,0.23235792742669586,0.00030040694400668144,0.09960999339818954,0.09943998399376872,0.04104708135128021,0.03269126342237,0.2059218155457146,0.09485083296480372,0.5820881770552002,1.2411004529270269,0.00538153751057431,0.02959801507285848,0.04390954896277585
0.10005,30000,0.00033305317629128695,0.25072628259658813,0.23214414626359947,0.24078907546401082,0.0003011786029674113,0.0996096134185791,0.09942730106413365,0.05105961859226227,0.041122411459684954,0.2561519361537368,0.09604556935385493,0.6032755542108071,1.133595970508098,0.006307240044139023,0.03537773650588696,0.05346021575155002
0.11005,30000,0.0003330680192448199,0.2617214024066925,0.23966377183794976,0.2493755618780853,0.00030036940006539226,0.09960996359586716,0.09943985980004072,0.06205473840236664,0.04970889787375943,0.3113114008197606,0.09620301847790687,0.6147744612741775,1.1888162650048926,0.0072386855856305865,0.041320658642416755,0.06392763110475831
0.12005,30000,0.0003330568433739245,0.2732638716697693,0.24782628513872623,0.2593001508116727,0.00030110665829852223,0.09960972517728806,0.09943097516149284,0.07359720766544342,0.059633486807346814,0.36921676578815793,0.09600939388352571,0.619651043995361,1.488305191030732,0.00815895943655129,0.04702714882938382,0.07529495990972532
0.13005,30000,0.0003330621693748981,0.2846485674381256,0.25694218784570716,0.2694250544905667,0.0003009309875778854,0.09960978478193283,0.09943267508596183,0.08498190343379974,0.06975839048624083,0.42633062491964113,0.09531872443724379,0.6225051998229781,1.3014846551940011,0.009067180215413353,0.05287541373887978,0.08674533576384948
0.14005,30000,0.0003330574545543641,0.292367160320282,0.2662664705514909,0.2793923872709281,0.00030110261286608875,0.09960972517728806,0.09943034134060146,0.09270049631595612,0.07972572326660221,0.46505266330647754,0.09462577656329668,0.6215995640063505,1.330644745511124,0.009962517468213174,0.05842861857595768,0.0938851940398112
0.15005,30000,0.0003330581821501255,0.3031452000141144,0.2750743395090105,0.28788173443079246,0.00030120080919004977,0.09960977733135223,0.09943234009295704,0.10347853600978851,0.08821507042646659,0.5191230972743368,0.09332737821345317,0.6163105076639037,1.1971256627778226,0.010832576498301704,0.06396339714583955,0.10449861085727417
0.16005,30000,0.0003330581239424646,0.3139881193637848,0.28400467649102223,0.2985700948834452,0.00030112461536191404,0.09960971772670746,0.09943058916181328,0.11432145535945892,0.09890343087911935,0.5735190144698051,0.09278435219234003,0.6166196313013105,1.180627315358945,0.011693718498723946,0.06930910111831244,0.11533262502583426
0.17005,30000,0.00033305707620456815,0.3248424232006073,0.29329918518662457,0.30929533797502556,0.00030131996027193964,0.09960976243019104,0.0994310432597995,0.12517575919628143,0.1096286739706997,0.6279720444778351,0.09262500692016724,0.6160463841162368,1.177691496341765,0.012547087739375547,0.0745200989999613,0.12630826218734656
0.18005,30000,0.00033306225668638945,0.3345950245857239,0.30234825044870384,0.31831009292602563,0.0003011981607414782,0.09960971772670746,0.09943139423429968,0.134928360581398,0.11864342892169977,0.6768981390356938,0.09156643458336239,0.6091517342839478,1.1994839335060148,0.013396664971114138,0.079702031195104,0.1354330882270262
0.19005,30000,0.0003330576291773468,0.3462686836719513,0.31145847678184513,0.32866063538193724,0.0003013168752659112,0.09960971772670746,0.0994301485270262,0.14660201966762543,0.12899397137761137,0.7354616469383746,0.09072307012380702,0.604064469717866,1.2875414835221919,0.014238006669505025,0.08486759086502067,0.14720253819102114
0.20005,30000,0.0003330620238557458,0.35861092805862427,0.3198270334303381,0.3380437814295293,0.0003013448149431497,0.09960973262786865,0.09943149866908792,0.1589442640542984,0.13837711742520342,0.7973792617442159,0.08944069159781522,0.5942066216016606,1.2768369615962063,0.015064617475007714,0.08985248423390334,0.15972418472463287
0.21005,30000,0.0003330597828608006,0.37120872735977173,0.32819740742445,0.34817898765206384,0.00030141783645376563,0.09960967302322388,0.09942945468425753,0.17154206335544586,0.14851232364773798,0.8605789246330832,0.0880353100927795,0.5828794429257977,1.2943269971675662,0.015880846230017596,0.09468358602531016,0.17249685292501094
0.22005,30000,0.0003330633044242859,0.38133126497268677,0.33569125339388867,0.3569137077331562,0.0003014510730281472,0.09960973262786865,0.09943135710805658,0.1816646009683609,0.15724704372883036,0.9113608865792335,0.08677512747221584,0.5736625041176727,1.1187188786269924,0.01668197457375656,0.09931577857234478,0.18279580199594783
0.23005,30000,0.00033305928809568286,0.3914470374584198,0.34337988078594217,0.36662319254875414,0.00030147741199471056,0.09960968047380447,0.09942968571186067,0.19178037345409393,0.16695652854442827,0.962108909759804,0.08572812335276724,0.563514587989861,1.179034104507249,0.017478367963310874,0.1040232042096548,0.1928038865758846
0.24005,30000,0.0003330610925331712,0.4010203778743744,0.35082667976617815,0.3744624787271028,0.0003014771791640669,0.09960970282554626,0.09943020921945574,0.20135371387004852,0.17479581472277694,1.010135701784788,0.08454512610737643,0.5536067276122776,1.066488283321759,0.01825986806212498,0.10855315580083273,0.20248045059860795
0.25005,30000,0.0003330597828608006,0.40305739641189575,0.3579918488860133,0.38278257304430063,0.00030143908224999905,0.09960968047380447,0.09942978201061488,0.20339073240756989,0.18311590903997477,1.0203548584638438,0.08296222909008351,0.5401383622612356,1.0730292889345632,0.019032961047984208,0.1130494310556801,0.20515936713099192
0.26005,30000,0.0003330585896037519,0.4134344756603241,0.365169880539179,0.3901625826358827,0.0003014769172295928,0.09960968792438507,0.09943004176020623,0.21376781165599823,0.19049591863155685,1.072413785153682,0.08116266157475706,0.5270102269146367,1.0884087793741646,0.019788623303783844,0.11726048533618492,0.21506960627042995
0.27005,30000,0.0003330612671561539,0.4240970313549042,0.37129325240850486,0.39713047525286715,0.0003014743560925126,0.09960968792438507,0.09942918354272842,0.2244303673505783,0.1974638112485413,1.125904867946996,0.07962485465001472,0.5135324989090029,1.1122601773268892,0.02052990687183288,0.12149296191947609,0.22596642660279026
0.28005,30000,0.0003330598119646311,0.43475958704948425,0.37736222371459044,0.40295804968476645,0.0003014656831510365,0.09960966557264328,0.09942534976452591,0.2350929230451584,0.20329138568044058,1.1793959507403102,0.07785113047602873,0.5000540921786188,1.1440537409619425,0.021256275682153068,0.12548853675973384,0.23699415277937078
0.29005,30000,0.00033306266414001584,0.4392732083797455,0.3834745541214945,0.4111140025854151,0.00030151879764162004,0.09960968047380447,0.09942412976175549,0.23960654437541962,0.21144733858108922,1.2020395363112064,0.07599618622136543,0.48784812959894414,1.045292081572169,0.02196609753535687,0.12933253254116917,0.24119450522886685
0.30005,30000,0.0003330617328174412,0.44931790232658386,0.38863470539450645,0.4184149022698418,0.0003016955452039838,0.09960967302322388,0.09942341822385789,0.249651238322258,0.21874823826551593,1.2524309781882181,0.07402060255274624,0.4723219818395171,1.076575211090875,0.02266074471080803,0.13328552410058023,0.2515703599902044
0.31005,30000,0.0003330616164021194,0.45085617899894714,0.3940052759647372,0.4246875569522423,0.0003016602131538093,0.09960968047380447,0.09942240395396948,0.2511895149946213,0.22502089294791644,1.260148085343141,0.07216284141633002,0.45597052154081874,0.9123414550142183,0.02333676587862026,0.13680858077835426,0.25313747440883827
0.32005,30000,0.0003330601321067661,0.4556697607040405,0.3994961892068386,0.4304746687114241,0.00030168809462338686,0.09960965812206268,0.09941627747565511,0.25600309669971466,0.23080800470709822,1.2842964888680497,0.0698268907704856,0.4394402420371235,0.9715456674183337,0.023993172713847027,0.1402616454657401,0.2585314959594437
0.33005,30000,0.0003330628969706595,0.46474289894104004,0.403528469502926,0.43407036888599815,0.0003016772971022874,0.09960966557264328,0.09941660814732314,0.2650762349367142,0.23440370488167228,1.3298139053798552,0.0675932048334971,0.41991952772950075,0.9530929345798322,0.024627956908548604,0.14356989250311905,0.26785705842965485
0.34005,30000,0.00033306225668638945,0.47381606698036194,0.4071049329638489,0.43828019994497325,0.0003016730770468712,0.09960966557264328,0.09941266863793136,0.27414940297603607,0.23861353594064738,1.3753314714016411,0.06553906033290789,0.4068791630151925,0.9875558507152336,0.025244495021627268,0.14655845971855438,0.2773336656009251
0.35005,30000,0.0003330624895170331,0.4785695970058441,0.411004295498133,0.44386929166317224,0.00030166274518705904,0.09960965812206268,0.09940982457995418,0.27890293300151825,0.24420262765884637,1.3991786123157863,0.0634431936346116,0.3931713889752106,0.8469705558268485,0.0258403638140355,0.14978995166923856,0.2816860792720497
0.36005,30000,0.00033306344994343817,0.48688849806785583,0.4146504233777523,0.44866931277513744,0.00030171190155670047,0.09960965067148209,0.09940979854762555,0.28722183406352997,0.24900264877081157,1.440912230240394,0.061435308102939845,0.37625293373554736,0.8695325037300331,0.026418084279461178,0.15274343896839593,0.29020109098810865
0.37005,30000,0.0003330631589051336,0.4933847486972809,0.417801748365164,0.4519459044933365,0.00030162540497258306,0.09960965067148209,0.09940722779929638,0.293718084692955,0.2522792404890106,1.4735021167758828,0.05939077857813901,0.3623210955263373,0.6641544307455426,0.026977766571432624,0.15550351281685215,0.29688241044981417
0.38005,30000,0.00033306574914604425,0.4955654442310333,0.4215445844829083,0.45658383041620404,0.00030210899421945214,0.09960963577032089,0.09940214937180282,0.29589878022670746,0.2569171664118782,1.484442061071063,0.05751022901520452,0.3482961101015881,0.5563941039135689,0.027517980707782413,0.15777799375516635,0.29905577695996505
0.39005,30000,0.0003330626932438463,0.4959346055984497,0.4254809950292111,0.45944506165385396,0.0003020556760020554,0.09960963577032089,0.09939626361429693,0.29626794159412384,0.2597783976495281,1.4862940411998609,0.055499963615647796,0.33186458363952853,0.5652969781955901,0.028038684785619335,0.16026996150584424,0.2994262932639717
0.40005,30000,0.0003330654581077397,0.4959358274936676,0.4279438750445847,0.46191066366434713,0.00030220914050005376,0.0996096134185791,0.0993899066373706,0.29626916348934174,0.26224399966002127,1.4863001711090624,0.05376396653385973,0.3163964488425268,0.6239765967613182,0.028540188590608032,0.1624437505030462,0.2994307661497725
0.41005,30000,0.00033306251862086356,0.49699851870536804,0.43041648983955383,0.4653022995889193,0.0003023285826202482,0.09960957616567612,0.09937794990092517,0.2973318547010422,0.2656356355845934,1.4916313979947229,0.05217674071700961,0.3019101142247352,0.6481311371161907,0.02902451132895826,0.16427688659754333,0.30148622883057746
0.42005,30000,0.0003330610052216798,0.4991939663887024,0.4328325462341311,0.4672013236284295,0.000302481756079942,0.09960950911045074,0.0993606067374349,0.2995273023843765,0.2675346596241036,1.5026453497302643,0.05040714667769597,0.28833222784778123,0.579175201638978,0.029490308564514366,0.1663401982168349,0.3035596576949219
0.43005,30000,0.00033306312980130315,0.5013894438743591,0.4355472669005395,0.4701910405457053,0.00030244921799749136,0.09960946440696716,0.09934515172988177,0.30172277987003326,0.27052437654137945,1.5136594509757861,0.04864780800888937,0.27414753881485904,0.49063614801095756,0.029937547701742888,0.1679062376454839,0.30579383752835687
0.44005,30000,0.0003330643230583519,0.5046859979629517,0.4374204802513127,0.47246061754226715,0.00030227837851271033,0.09960934519767761,0.09933194752782584,0.3050193339586258,0.2727939535379413,1.5301973479618882,0.046856504967453964,0.2609160063579596,0.47206453058382464,0.030365571582500354,0.1694512378728736,0.30929070425023486
0.45005,30000,0.00033306205295957625,0.5072373151779175,0.4391029229760172,0.47418670994043416,0.00030209741089493036,0.09960923343896866,0.09931858254224063,0.3075706511735916,0.2745200459361083,1.542996598374912,0.044783444196367456,0.24975920666891369,0.4580515116959001,0.030773654350629374,0.17070843867171495,0.31195411698431275
0.46005,30000,0.00033306636032648385,0.5089147090911865,0.44099590525031096,0.4749441646337512,0.00030239252373576164,0.09960907697677612,0.09931058647483589,0.30924804508686066,0.27527750062942535,1.5514116181189388,0.04299975367594083,0.23956558083837393,0.47886522745114346,0.031159601718115604,0.17173081962402145,0.3136452290447303
0.47005,30000,0.0003330636827740818,0.5097134113311768,0.4424564306437969,0.4766639692485333,0.0003024739562533796,0.09960907697677612,0.09931042810529471,0.3100467473268509,0.27699730524420746,1.5554184855970838,0.04112458219763097,0.22866914397820987,0.44965097087823375,0.03152258232781449,0.17291125058136422,0.31443992976719753
0.48005,30000,0.0003330647596158087,0.5097153782844543,0.4431804367899895,0.4782847570776947,0.00030244336812756956,0.0996088832616806,0.09930432365089657,0.3100487142801285,0.2786180930733688,1.5554283532557986,0.03949200432372418,0.220297953501299,0.4689635117081738,0.03186502083899184,0.17378279538396688,0.3144485466796102
0.49005,30000,0.00033306534169241786,0.5097521543502808,0.4441614505648616,0.4796435092091562,0.00030244069057516754,0.09960880130529404,0.09930305315554143,0.3100854903459549,0.27997684520483035,1.55561284857177,0.03781792252100416,0.2102619044825214,0.4256494429184517,0.0321866714905353,0.17461227665935558,0.3144849050907631
0.50005,30000,0.00033306481782346964,0.5097545981407166,0.4446785964071753,0.479795858770613,0.0003022839955519885,0.09960871189832687,0.09929619505256417,0.3100879341363907,0.2801291947662871,1.555625108390173,0.03621566247021614,0.20480189849718994,0.4457402705401456,0.03248718712151235,0.17515129365922488,0.31448911434316323
0.51005,30000,0.0003330683393869549,0.5097636580467224,0.4453620110452176,0.48035300806165376,0.0003024421166628599,0.09960861504077911,0.09929519511014225,0.31009699404239655,0.2806863440573279,1.5556705594242537,0.03474254411605079,0.1955363930180908,0.41395411272857896,0.03276892910608599,0.17572855744937696,0.314500117009481
0.52005,30000,0.00033306717523373663,0.5097699761390686,0.44583843201398876,0.48139913195371875,0.00030247762333601713,0.09960847347974777,0.09929227961599828,0.31010331213474274,0.2817324679493929,1.5557022555401256,0.03345660330586501,0.1880011196129944,0.440242308724976,0.03303359175238554,0.17621137102391743,0.3145084627910201
0.53005,30000,0.00033306991099379957,0.5097871422767639,0.4462990485131743,0.48208309677243316,0.00030240582418628037,0.09960834681987762,0.09928789438307287,0.31012047827243805,0.2824164327681073,1.5557883732889095,0.03226448464392714,0.18155415435814534,0.4608183287863864,0.03328354416991144,0.1767185915662964,0.3145272053192438
0.54005,30000,0.00033306595287285745,0.5097883343696594,0.4467243318259717,0.48210179215669974,0.0003024666802957654,0.09960828721523285,0.09928726619482041,0.31012167036533356,0.28243512815237387,1.5557943536881307,0.031036934813125663,0.1727933304567864,0.4557403386198894,0.033519117888712535,0.17700962603590692,0.3145302163571741
0.55005,30000,0.00033306630211882293,0.509789228439331,0.4469893251359463,0.4821782870590741,0.00030239703482948244,0.09960814565420151,0.0992858559936285,0.3101225644350052,0.28251162305474825,1.5557988389875466,0.029924262806118027,0.166251956609678,0.4147297895561283,0.03373907368048283,0.177250609045867,0.3145329765293031
0.56005,30000,0.00033306400291621685,0.5097899436950684,0.44710979327559475,0.48242600354552884,0.0003022811724804342,0.09960802644491196,0.09928079348802568,0.3101232796907425,0.28275933954120297,1.5558024272270792,0.02911419281088008,0.16133231622063066,0.42473266506392704,0.033945651274332536,0.1775305521931534,0.3145354858298958
0.57005,30000,0.00033306938712485135,0.5097904205322266,0.44712136521935464,0.4826361930668406,0.00030239587067626417,0.09960795193910599,0.09928027182072402,0.3101237565279007,0.2829695290625147,1.5558048193867675,0.02823113894578559,0.15561074985060203,0.4504388202462884,0.034140952000367854,0.1777513761927889,0.3145378017776188
0.58005,30000,0.0003330647887196392,0.5097907781600952,0.4471210670471192,0.48273867347836974,0.0003023230819962919,0.09960760176181793,0.09927824915200471,0.31012411415576935,0.2830720094740439,1.555806613506534,0.02717089615448174,0.14859856122287537,0.45767039629437867,0.03432448195865356,0.17779060175762482,0.3145399243650532
0.59005,30000,0.0003330690087750554,0.5097909569740295,0.44712136507034306,0.4828379533290908,0.00030231650453060865,0.09960734099149704,0.09927557472884656,0.3101242929697037,0.28317128932476493,1.555807510566417,0.02636952933164672,0.14376712403733638,0.3891953553817465,0.0344942878290146,0.17779872180874645,0.3145419117302003
0.60005,30000,0.00033306630211882293,0.5097910165786743,0.44712133511900903,0.4829444648921531,0.0003023483441211283,0.09960722178220749,0.09927170330286027,0.31012435257434845,0.2832778008878272,1.555807809586378,0.025469426482330127,0.13768538422718013,0.37092950826935406,0.03465229999061528,0.17783402969410544,0.31454373385851836
0.61005,30000,0.0003330678737256676,0.5097910165786743,0.4471212753653526,0.48303259241581353,0.00030231731943786144,0.09960715472698212,0.09927102563530209,0.31012435257434845,0.28336592841148767,1.555807809586378,0.024943070364042794,0.13612581926947367,0.37300315775495096,0.034799329993742883,0.17788776438796497,0.3145438440022199
0.62005,30000,0.0003330665349494666,0.5097910165786743,0.4471215432882309,0.48313916066289314,0.0003023668541572988,0.09960711002349854,0.09927075681835414,0.31012435257434845,0.2834724966585673,1.555807809586378,0.024430913693360472,0.1319939999030013,0.3426503915417788,0.03493658392407786,0.17791903615349483,0.3145438440022199
0.63005,30000,0.000333071977365762,0.5097910165786743,0.4471214836835861,0.4832570680975948,0.0003023482859134674,0.09960707277059555,0.09927091962099076,0.31012435257434845,0.2835904040932689,1.555807809586378,0.024017010399639365,0.1274624876871139,0.34677233702477583,0.03506577420077022,0.17791881939604004,0.3145438440022199
0.64005,30000,0.0003330677282065153,0.5097910165786743,0.4471215729415417,0.4833959732651741,0.0003023547469638288,0.09960663318634033,0.09926491503417494,0.31012435257434845,0.2837293092608482,1.555807809586378,0.023286997837494626,0.12227411220193937,0.4110573242932387,0.035185962694040764,0.1779187768099125,0.3145438440022199
0.65005,30000,0.00033306903787888587,0.5097910165786743,0.4471216027438641,0.483535865128043,0.00030225751106627285,0.09960629791021347,0.09926317155361176,0.31012435257434845,0.2838692011237171,1.555807809586378,0.022819308280953396,0.11986435216775922,0.3335223869186581,0.035296418742927084,0.17791881879176852,0.3145438440022199
0.66005,30000,0.0003330667095724493,0.5097910165786743,0.44712160259485245,0.483671436697247,0.0003022458986379206,0.09960632771253586,0.09926329563558102,0.31012435257434845,0.2840047726929211,1.555807809586378,0.022419587556099605,0.117676756500373,0.333755692367251,0.03539940750151292,0.1779187610277705,0.3145438440022199
0.67005,30000,0.0003330615581944585,0.5097910165786743,0.44712166205048565,0.48381662192940905,0.00030219939071685076,0.09960611164569855,0.0992591041699052,0.31012435257434845,0.2841499579250832,1.555807809586378,0.022018325618390497,0.11355101334172409,0.3357485848443035,0.03549619762819936,0.17791887643938456,0.3145438440022199
0.68005,30000,0.00033306507975794375,0.5097910165786743,0.44712193027138714,0.48395406687259834,0.00030228032846935093,0.09960588812828064,0.0992575244754553,0.31012435257434845,0.2842874028682725,1.555807809586378,0.02154520949657297,0.10958635814458918,0.4082989382190537,0.035585657466570234,0.17791889572704195,0.3145438440022199
0.69005,30000,0.0003330633044242859,0.5097910165786743,0.4471221089363098,0.48403596913814684,0.00030230957781895995,0.09960564970970154,0.0992564858198166,0.31012435257434845,0.28436930513382097,1.555807809586378,0.021287659371277814,0.10844906527058931,0.33234292092836965,0.035668386629928835,0.17791907100884818,0.3145438440022199
0.70005,30000,0.00033306615659967065,0.5097910165786743,0.44712184086442,0.48407077947259075,0.00030230177799239755,0.09960562735795975,0.09925338938087226,0.31012435257434845,0.2844041154682649,1.555807809586378,0.02078655213589222,0.10501445714093631,0.33310681762567496,0.03574458124418195,0.1779190067296371,0.3145438440022199
0.71005,30000,0.00033306938712485135,0.5097910165786743,0.4471221387386322,0.4840723576843751,0.0003022595774382353,0.09960547834634781,0.09925131934881212,0.31012435257434845,0.28440569368004925,1.555807809586378,0.020247275555889146,0.10293404080840676,0.333147454247249,0.035814073795380895,0.1779187613693752,0.3145438440022199
0.72005,30000,0.00033307194826193154,0.5097910165786743,0.44712181091308595,0.48407143470645075,0.00030228999094106257,0.09960543364286423,0.0992488852888346,0.31012435257434845,0.2844047707021249,1.555807809586378,0.020387297903435454,0.10258560491490039,0.33578818151450024,0.035878785964581106,0.17791910931628166,0.3145438440022199
0.73005,30000,0.00033307302510365844,0.5097910165786743,0.4471219897270203,0.48407015588879715,0.00030231240089051425,0.09960540384054184,0.09924715811014179,0.31012435257434845,0.2844034918844713,1.555807809586378,0.019983189100252582,0.10037445152997491,0.3333384262878191,0.03594013845837196,0.1779189053313392,0.3145438440022199
0.74005,30000,0.00033306749537587166,0.5097910165786743,0.447122168391943,0.4840726890862001,0.00030230620177462697,0.09960493445396423,0.0992397749051452,0.31012435257434845,0.28440602508187424,1.555807809586378,0.01982201652086683,0.09818573543726208,0.3336208839409776,0.035997606649225064,0.17791888062352232,0.3145438440022199
0.75005,30000,0.00033307066769339144,0.5097910165786743,0.44712181091308595,0.48407328554988033,0.0003022562013939023,0.09960440546274185,0.09923445574939255,0.31012435257434845,0.28440662154555446,1.555807809586378,0.019663405805862687,0.09633988796485021,0.33101157164407125,0.036050940410649324,0.1779191567906839,0.3145438440022199
0.76005,30000,0.0003330676117911935,0.5097910165786743,0.4471222279965878,0.4840727800130857,0.00030223821522668004,0.09960436820983887,0.09922928596287969,0.31012435257434845,0.2844061160087598,1.555807809586378,0.019337077781881016,0.09518109409938356,0.3321099273056936,0.03609884835763787,0.17791878056650515,0.3145438440022199
0.77005,30000,0.00033306865952908993,0.5097910165786743,0.44712190017104153,0.48407209587097294,0.00030222602072171867,0.09960441291332245,0.09922864577919249,0.31012435257434845,0.2844054318666471,1.555807809586378,0.01913665370665311,0.09357934962561372,0.3347709920612924,0.03614144543358833,0.17791911225162782,0.3145438440022199
0.78005,30000,0.00033306857221759856,0.5097910165786743,0.44712207898497586,0.48407033956051004,0.0003023071913048625,0.09960415959358215,0.099223803780973,0.31012435257434845,0.2844036755561842,1.555807809586378,0.01860506162712057,0.09154590540463564,0.3336531713569406,0.03618074531450498,0.1779188867676765,0.3145438440022199
0.79005,30000,0.0003330723266117275,0.5097910165786743,0.44712210878729824,0.4840680769979967,0.0003022541059181094,0.0996040627360344,0.09921854466944938,0.31012435257434845,0.28440141299367083,1.555807809586378,0.018666583269124636,0.09230278257995272,0.3331483007164561,0.03621624592963473,0.17791898512577992,0.3145438440022199
0.80005,30000,0.0003330604813527316,0.5097910165786743,0.4471219597756863,0.484066737353803,0.00030226766830310225,0.09960398077964783,0.09921501400321726,0.31012435257434845,0.28440007334947714,1.555807809586378,0.018773866343322412,0.09225688760023809,0.3327303660129719,0.03624943013319977,0.177918909272512,0.3145438440022199
0.81005,30000,0.00033306435216218233,0.5097910165786743,0.4471220788359642,0.4840640279352678,0.0003022190066985786,0.09960395097732544,0.09921087227016692,0.31012435257434845,0.28439736393094195,1.555807809586378,0.01862451729029337,0.09076940470007955,0.333076129068266,0.0362817070841232,0.17791906056010348,0.3145438440022199
0.82005,30000,0.0003330664476379752,0.5097910165786743,0.4471217513084412,0.48406563571095595,0.00030224386136978865,0.09960399568080902,0.09921137182414537,0.31012435257434845,0.2843989717066301,1.555807809586378,0.018461477923229594,0.08979517079844691,0.33292341053790797,0.0363104181781452,0.177918761931892,0.3145438440022199
0.83005,30000,0.0003330798353999853,0.5097910165786743,0.447122168391943,0.4840674816668047,0.0003022832970600575,0.09960388392210007,0.09920748340338474,0.31012435257434845,0.2844008176624788,1.555807809586378,0.018424157513199254,0.08937149650071063,0.33413368708312613,0.03633820144546165,0.177918894054878,0.3145438440022199
0.84005,30000,0.000333063246216625,0.5097910165786743,0.44712225764989855,0.4840693573653711,0.0003022660093847662,0.0996037945151329,0.0992044371962548,0.31012435257434845,0.28440269336104523,1.555807809586378,0.01835107572238479,0.0883658628868937,0.33378149547913094,0.036362901667500246,0.17791891489383008,0.3145438440022199
0.85005,30000,0.00033306851400993764,0.5097910165786743,0.447122168391943,0.4840714415013803,0.0003022933378815651,0.09960330277681351,0.09919657123833901,0.31012435257434845,0.28440477749705445,1.555807809586378,0.01814993515299382,0.0877372718500636,0.33428655101197396,0.03638657587085816,0.17791892363588388,0.3145438440022199
0.86005,30000,0.00033307066769339144,0.5097910165786743,0.44712210878729824,0.4840734065175069,0.00030227500246837735,0.09960305690765381,0.09918866768479355,0.31012435257434845,0.28440674251318104,1.555807809586378,0.018201950792542256,0.08784678209929632,0.33283024339417366,0.03640784766874352,0.17791909129372618,0.3145438440022199
0.87005,30000,0.0003330667095724493,0.5097910165786743,0.44712184056639676,0.4840753417909158,0.0003022992459591478,0.09960292279720306,0.09918045895546683,0.31012435257434845,0.28440867778658996,1.555807809586378,0.01824941661079174,0.08790803236911893,0.3342435604135419,0.036429284883728694,0.17791904420677862,0.3145438440022199
0.88005,30000,0.00033307663397863507,0.5097910165786743,0.4471223172545433,0.4840773961544049,0.0003022537857759744,0.09960296750068665,0.09918054940551528,0.31012435257434845,0.28441073215007906,1.555807809586378,0.018044262129838444,0.08652829823548507,0.3344316181646857,0.03644834451778454,0.17791896844783692,0.3145438440022199
0.89005,30000,0.000333066942403093,0.5097910165786743,0.44712184056639676,0.4840795696079744,0.0003023114986717701,0.09960281103849411,0.09916996374726304,0.31012435257434845,0.2844129056036485,1.555807809586378,0.017690012317949266,0.08503858264308457,0.33328364789790266,0.036465691590633516,0.1779189707905084,0.3145438440022199
0.90005,30000,0.0003330692125018686,0.5097910165786743,0.44712225764989855,0.484081862151624,0.0003023045137524605,0.09960277378559113,0.09916840001940737,0.31012435257434845,0.28441519814729815,1.555807809586378,0.01788933227816668,0.08672030884388372,0.3339111813237847,0.0364811158883305,0.17791902035110188,0.3145438440022199
0.91005,30000,0.00033307107514701784,0.5097910165786743,0.4471222279965878,0.48408421424031384,0.00030231496202759445,0.0996028482913971,0.09916593458503495,0.31012435257434845,0.28441755023598797,1.555807809586378,0.01789926863221919,0.08591340594741916,0.33329797169739034,0.036497754422351404,0.17791885160769666,0.3145438440022199
0.92005,30000,0.0003330611507408321,0.5097910165786743,0.44712184056639676,0.48408653655648354,0.0003023247409146279,0.09960273653268814,0.09916248559206735,0.31012435257434845,0.28441987255215767,1.555807809586378,0.01776817529101198,0.08607090186954587,0.33386508654974784,0.03651278624041528,0.17791885491969955,0.3145438440022199
0.93005,30000,0.0003330687468405813,0.5097910165786743,0.4471219597756863,0.4840888886749757,0.0003023042809218168,0.09960278123617172,0.09916225574165594,0.31012435257434845,0.2844222246706498,1.555807809586378,0.017948861701871703,0.08581039165961966,0.33367088564854847,0.03652788254729648,0.17791889409723402,0.3145438440022199
0.94005,30000,0.0003330745967105031,0.5097910165786743,0.4471219597756863,0.48409115141630293,0.00030227992101572454,0.09960254281759262,0.09915522325783979,0.31012435257434845,0.28442448741197707,1.555807809586378,0.017926327757167338,0.08540992420062322,0.33404961150567725,0.036541101260451146,0.17791888925617055,0.3145438440022199
0.95005,30000,0.00033306246041320264,0.5097910165786743,0.44712201923131945,0.48409356305003287,0.0003022940654773265,0.09960244596004486,0.09914780424535286,0.31012435257434845,0.284426899045707,1.555807809586378,0.017784216987652993,0.08528542945028691,0.33442987365761173,0.036555492655020956,0.17791895661696008,0.3145438440022199
0.96005,30000,0.00033307381090708077,0.5097910165786743,0.4471220788359642,0.48409594491124275,0.0003022667660843581,0.09960242360830307,0.09914755228906882,0.31012435257434845,0.2844292809069169,1.555807809586378,0.017770633229355095,0.08495518432558515,0.3337938813894309,0.036566814643169736,0.17791882645125953,0.3145438440022199
0.97005,30000,0.0003330727049615234,0.5097910165786743,0.447122138440609,0.48409835657477496,0.0003022869350388646,0.09960216283798218,0.09913959642499698,0.31012435257434845,0.2844316925704491,1.555807809586378,0.017745808567206013,0.08520595353932466,0.333427028872861,0.0365786266387597,0.17791894742450923,0.3145438440022199
0.98005,30000,0.00033307544072158635,0.5097910165786743,0.44712222784757616,0.48410091707110525,0.00030229403637349606,0.0996021032333374,0.099137376882136,0.31012435257434845,0.2844342530667794,1.555807809586378,0.0176888438347801,0.08465497800552094,0.334292177896802,0.03658910222963313,0.17791897994393635,0.3145438440022199
0.99005,30000,0.00033307241392321885,0.5097910165786743,0.44712204903364183,0.4841034775972378,0.00030227992101572454,0.09960225969552994,0.09913780281692756,0.31012435257434845,0.28443681359291195,1.555807809586378,0.01761553714439112,0.08496190512746898,0.3332042177176461,0.03659832736764935,0.1779190082183194,0.3145438440022199
1.00005,30000,0.00033306929981336,0.5097910165786743,0.44712198942899706,0.4840986837148678,0.0003022988385055214,0.09960200637578964,0.09913011518120779,0.31012435257434845,0.28443201971054194,1.555807809586378,0.01764490534194704,0.08476961036126489,0.33354956529276514,0.03660798709828959,0.17791884316958212,0.3145438440022199
1.01005,30000,0.0003330697654746473,0.5097910165786743,0.4471221682429314,0.48409308630228165,0.00030227829120121896,0.0996021181344986,0.099127724312246,0.31012435257434845,0.2844264222979558,1.555807809586378,0.017554165519521443,0.08476530341097221,0.3336502966631741,0.03661729727987382,0.17791893455875044,0.3145438440022199
1.02005,30000,0.0003330626350361854,0.5097910165786743,0.4471223171055317,0.4840918655991566,0.000302337110042572,0.09960220009088516,0.09912837374210372,0.31012435257434845,0.28442520159483076,1.555807809586378,0.017467940777752596,0.0841404692626566,0.3331039815619733,0.03662550874701345,0.17791917023464332,0.3145438440022199
1.03005,30000,0.0003330670588184148,0.5097910165786743,0.4471222873032093,0.48409225273132445,0.0003023019526153803,0.0996020957827568,0.09912324873358026,0.31012435257434845,0.2844255887269986,1.555807809586378,0.01734816211443496,0.08418140603944134,0.332720135439313,0.036634102291394265,0.1779189402575557,0.3145438440022199
1.04005,30000,0.00033307503326795995,0.5097910165786743,0.4471223171055317,0.484093622505666,0.0003023312601726502,0.0996020957827568,0.09912118542194381,0.31012435257434845,0.28442695850134014,1.555807809586378,0.01729308445609192,0.08379541916218622,0.3339174880905891,0.03664055127673207,0.17791902324476275,0.3145438440022199
1.05,30000,0.00033307040575891733,0.5097910165786743,0.44712427228689194,0.48409505182504775,0.00030231880373321474,0.099602110683918,0.09912088034302012,0.31012435257434845,0.2844283878207219,1.555807809586378,0.017201898699859188,0.08356831602359906,0.33368776353913576,0.03664660244996261,0.1779188519049557,0.3145438440022199
1.06,30000,0.0003330660401843488,0.5097910165786743,0.44712689250707627,0.4840960642099392,0.0003023216559085995,0.09960214048624039,0.09912091793864981,0.31012435257434845,0.28442940020561336,1.555807809586378,0.017102629210816803,0.08370694514780776,0.3338101350907054,0.03665188818476576,0.1779188779863908,0.3145438440022199
1.07,30000,0.0003330719191581011,0.5097910165786743,0.4471268923580647,0.48409719565510867,0.00030230844276957214,0.0996020957827568,0.09912015068531052,0.31012435257434845,0.2844305316507828,1.555807809586378,0.017188282770607098,0.0836948678995587,0.33319278840879696,0.03665671904553393,0.17791897086042438,0.3145438440022199
1.08,30000,0.0003330713079776615,0.5097910165786743,0.4471268625557423,0.4840982080400002,0.000302312895655632,0.09960207343101501,0.09911790833622233,0.31012435257434845,0.28443154403567433,1.555807809586378,0.017141059202662456,0.08332576455472779,0.33404455434749514,0.036660769117508936,0.17791895708480793,0.3145438440022199
1.09,30000,0.0003330685431137681,0.5097910165786743,0.4471269221603871,0.48409939911961675,0.0003023073950316757,0.099602110683918,0.09911778206378237,0.31012435257434845,0.2844327351152909,1.555807809586378,0.017136726175958926,0.08330567163157396,0.334109605137898,0.036665094933678324,0.17791908802292114,0.3145438440022199
1.1,30000,0.0003330713079776615,0.5097910165786743,0.4471270117163658,0.48410073912143825,0.0003023109748028219,0.09960217028856277,0.09911960781365649,0.31012435257434845,0.2844340751171124,1.555807809586378,0.01705717860968408,0.08325305047542672,0.3335976256277159,0.0366677531976367,0.17791885301664098,0.3145438440022199
1.11,30000,0.00033307334524579346,0.5097910165786743,0.4471271605789662,0.48410201957821963,0.00030231193522922695,0.09960204362869263,0.09911419203877465,0.31012435257434845,0.28443535557389377,1.555807809586378,0.017063201439973745,0.08319272555641674,0.3337761718734502,0.03667129935988487,0.17791895581698963,0.3145438440022199
1.12,30000,0.0003330689505673945,0.5097910165786743,0.4471268923580647,0.4841033595502388,0.00030231199343688786,0.09960208833217621,0.09911472854018227,0.31012435257434845,0.28443669554591294,1.555807809586378,0.016999759011910576,0.08310307955114492,0.3335430096098129,0.036673564025771745,0.17791897259417838,0.3145438440022199
1.13,30000,0.0003330694162286818,0.5097910165786743,0.4471268625557423,0.4841047292947781,0.00030230844276957214,0.09960216283798218,0.09911788756400362,0.31012435257434845,0.28443806529045224,1.555807809586378,0.016936111350093964,0.08324310001607753,0.3340427484935618,0.036675604234482996,0.17791896541262728,0.3145438440022199
1.14,30000,0.00033307235571555793,0.5097910165786743,0.44712710082530976,0.48410603952407955,0.00030230171978473663,0.09960208088159561,0.0991151087209584,0.31012435257434845,0.2844393755197537,1.555807809586378,0.01705471458258981,0.08343992211281502,0.33369571779494456,0.03667843851170331,0.17791898475655638,0.3145438440022199
1.15,30000,0.00033307206467725337,0.5097910165786743,0.4471268627047539,0.4841072604060185,0.0003023036988452077,0.0996021181344986,0.099114676654339,0.31012435257434845,0.2844405964016926,1.555807809586378,0.01703851523417661,0.08310533418082348,0.33417246342403195,0.03668084861758015,0.17791896930413972,0.3145438440022199
1.16,30000,0.0003330729086883366,0.5097910165786743,0.44712701156735424,0.4841083920001995,0.0003022950259037316,0.09960215538740158,0.09911680795997398,0.31012435257434845,0.28444172799587364,1.555807809586378,0.017022399574713812,0.08314679774806921,0.33359963733878756,0.0366826688428801,0.17791886512526917,0.3145438440022199
1.17,30000,0.00033306420664303005,0.5097910165786743,0.4471268029510975,0.4841096426546585,0.00030229828553274274,0.099602110683918,0.09911317288130539,0.31012435257434845,0.28444297865033263,1.555807809586378,0.01703089959030593,0.08306100603832058,0.3338285248735453,0.03668553142359278,0.17791883441695472,0.3145438440022199
1.18,30000,0.00033307046396657825,0.5097910165786743,0.44712701156735424,0.4841108933091175,0.0003022913879249245,0.0996021181344986,0.09911272614449279,0.31012435257434845,0.28444422930479163,1.555807809586378,0.017015089133469878,0.08312729404243385,0.3340388434434208,0.036687329219552804,0.17791888013172596,0.3145438440022199
1.19,30000,0.00033307040575891733,0.5097910165786743,0.4471268327534199,0.4841123225986969,0.00030228044488467276,0.0996021255850792,0.09911370237171667,0.31012435257434845,0.28444565859437104,1.555807809586378,0.016908615697442612,0.08300867736097743,0.334193525249537,0.03668873445884367,0.17791886679941318,0.3145438440022199
1.2,30000,0.00033306775731034577,0.5097910165786743,0.4471268327534199,0.4841131860017788,0.0003022931341547519,0.099602110683918,0.09911241367459314,0.31012435257434845,0.2844465219974529,1.555807809586378,0.016903229542153324,0.08291653227919277,0.333799230122655,0.03669039063071847,0.17791880172147786,0.3145438440022199
1.21,30000,0.0003330681938678026,0.5097910165786743,0.4471269221603871,0.4841141684651386,0.0003023005265276879,0.09960213303565979,0.09911292029917257,0.31012435257434845,0.28444750446081274,1.555807809586378,0.01696846783620014,0.08286674596334427,0.3338078059823614,0.03669137551784059,0.17791889831963226,0.3145438440022199
1.22,30000,0.0003330705512780696,0.5097910165786743,0.4471268327534199,0.484115091443063,0.0003023045719601214,0.0996021255850792,0.09911334499716776,0.31012435257434845,0.2844484274387371,1.555807809586378,0.016890819134606837,0.0828306764735405,0.3337203503347108,0.03669218881507219,0.17791888939183864,0.3145438440022199
1.23,30000,0.00033306924160569906,0.5097910165786743,0.4471270114183426,0.48411607393622513,0.0003023024764843285,0.099602110683918,0.09911169115453976,0.31012435257434845,0.28444940993189927,1.555807809586378,0.016842720320998514,0.08278866374541227,0.33393138667021044,0.036693588549088135,0.17791892040982935,0.3145438440022199
1.24,30000,0.00033306985278613865,0.5097910165786743,0.4471270114183426,0.4841170266568672,0.00030229956610128284,0.09960213303565979,0.09911293532699364,0.31012435257434845,0.2844503626525413,1.555807809586378,0.01687904223353046,0.08281300115013182,0.3334078969522691,0.03669416490015792,0.17791893291236913,0.3145438440022199
1.25,30000,0.0003330709005240351,0.5097910165786743,0.44712698176503185,0.4841180389225494,0.00030230460106395185,0.0996021181344986,0.0991126447767021,0.31012435257434845,0.28445137491822353,1.555807809586378,0.016865962762975212,0.0827829568694476,0.3339212690489272,0.03669466882294128,0.17791900916343265,0.3145438440022199
1.26,30000,0.0003330688050482422,0.5097910165786743,0.4471272498369217,0.4841190511882316,0.00030230756965465844,0.09960208833217621,0.09911122918874042,0.31012435257434845,0.28445238718390575,1.555807809586378,0.016801816339145785,0.08275792539693755,0.3336298372753053,0.03669540736624438,0.17791899428998695,0.3145438440022199
1.27,30000,0.0003330711042508483,0.5097910165786743,0.447127071171999,0.484120152771474,0.0003023089957423508,0.09960213303565979,0.09911307687312382,0.31012435257434845,0.28445348876714815,1.555807809586378,0.016830146434017004,0.08264089712338453,0.3337902478904696,0.03669544725897357,0.1779189602075979,0.3145438440022199
1.28,30000,0.00033306999830529094,0.5097910165786743,0.4471271307766438,0.48412140327692144,0.0003023022145498544,0.0996021181344986,0.0991127490699293,0.31012435257434845,0.28445473927259557,1.555807809586378,0.016828899442799316,0.08279028877774448,0.3337030165646554,0.036695851694235816,0.17791900902578717,0.3145438440022199
1.29,30000,0.0003330686886329204,0.5097910165786743,0.447127071171999,0.4841229217350494,0.000302309199469164,0.09960208833217621,0.0991111100092532,0.31012435257434845,0.2844562577307235,1.555807809586378,0.016780914522650802,0.08270728933163395,0.33378329125025075,0.03669614661182165,0.17791894896564234,0.3145438440022199
1.3,30000,0.0003330701729282737,0.5097910165786743,0.44712698176503185,0.4841244997084152,0.00030230707488954067,0.0996021181344986,0.09911247339099663,0.31012435257434845,0.28445783570408933,1.555807809586378,0.016790429362663804,0.08270087694007769,0.33391697650639535,0.03669599380210035,0.17791889997870358,0.3145438440022199
1.31,30000,0.0003330701438244432,0.5097910165786743,0.44712695196270946,0.48412619683146585,0.00030230803531594574,0.0996021181344986,0.09911239145696181,0.31012435257434845,0.28445953282714,1.555807809586378,0.01680490760364675,0.08266064130845525,0.33389514927720776,0.03669605230563094,0.17791894747014622,0.3145438440022199
1.32,30000,0.0003330688923597336,0.5097910165786743,0.44712698176503185,0.48412780460715404,0.00030231327400542796,0.0996021032333374,0.09911143781244772,0.31012435257434845,0.2844611406028282,1.555807809586378,0.016762979606876272,0.08281488674557891,0.3337022879492196,0.03669632972836494,0.1779189068016053,0.3145438440022199
1.33,30000,0.00033307020203210413,0.5097910165786743,0.4471270114183426,0.48412932300567735,0.00030231193522922695,0.0996021181344986,0.09911251809448021,0.31012435257434845,0.2844626590013515,1.555807809586378,0.016753239506342305,0.08273134935022003,0.3338382952744016,0.03669591439857562,0.1779188981317139,0.3145438440022199
1.34,30000,0.0003330692707095295,0.5097910165786743,0.44712695196270946,0.4841309009492408,0.0003023110330104828,0.099602110683918,0.09911195188015716,0.31012435257434845,0.28446423694491496,1.555807809586378,0.01678637500092412,0.08271943227667738,0.33380053499529405,0.036696232011547356,0.17791890787952788,0.3145438440022199
1.35,30000,0.00033306897967122495,0.5097910165786743,0.44712698176503185,0.48413274684548485,0.00030231146956793964,0.099602110683918,0.09911171346902864,0.31012435257434845,0.284466082841159,1.555807809586378,0.016767382630148542,0.08267881926554714,0.33376214279027966,0.03669620730713226,0.17791892025301426,0.3145438440022199
1.36,30000,0.0003330709005240351,0.5097910165786743,0.4471269221603871,0.48413483095169174,0.0003023079480044544,0.0996021181344986,0.09911262985318917,0.31012435257434845,0.2844681669473659,1.555807809586378,0.016741533946808617,0.0827793989914111,0.3335988551816713,0.03669609483150142,0.17791896546024055,0.3145438440022199
1.37,30000,0.0003330692125018686,0.5097910165786743,0.4471270413696766,0.4841372723281394,0.00030231146956793964,0.099602110683918,0.0991117954254152,0.31012435257434845,0.28447060832381355,1.555807809586378,0.0167831750518113,0.08266260194621596,0.3338783469399069,0.03669612528528038,0.17791893297655456,0.3145438440022199
1.38,30000,0.0003330692125018686,0.5097910165786743,0.4471271009743214,0.4841402495503436,0.0003023106255568564,0.0996021032333374,0.09911164640635269,0.31012435257434845,0.28447358554601776,1.555807809586378,0.01677616944182776,0.08262382917513607,0.3339233259685118,0.036696385316085926,0.17791896684919603,0.3145438440022199
1.39,30000,0.0003330702893435955,0.5097910165786743,0.44712698176503185,0.4841437032520781,0.0003023091412615031,0.09960213303565979,0.0991131141260268,0.31012435257434845,0.28447703924775225,1.555807809586378,0.016720334883080445,0.08269066984466648,0.33370922660198943,0.036695971298817166,0.17791899745826734,0.3145438440022199
1.4,30000,0.0003330694162286818,0.5097910165786743,0.4471270413696766,0.48414688882231816,0.00030230783158913255,0.0996020957827568,0.09911165385693328,0.31012435257434845,0.2844802248179923,1.555807809586378,0.016777465073732175,0.08278578415827242,0.3337435002691713,0.036696344036056275,0.17791894796248178,0.3145438440022199
1.41,30000,0.00033306918339803815,0.5097910165786743,0.4471271009743214,0.48414962795376876,0.0003023073077201843,0.0996021032333374,0.09911175072193162,0.31012435257434845,0.2844829639494429,1.555807809586378,0.0167826855030636,0.08266695398589297,0.3338703493348352,0.03669620121735673,0.17791894879491488,0.3145438440022199
1.42,30000,0.00033307092962786555,0.5097910165786743,0.44712701156735424,0.4841571288108835,0.0003023042809218168,0.0996021181344986,0.09911291296780127,0.31012435257434845,0.28449046480655765,1.555807809586378,0.016732032204891688,0.0826137889154052,0.33399342248749986,0.03669613861096532,0.17791896710130017,0.3145438440022199
1.43,30000,0.0003330692125018686,0.5097910165786743,0.44712695196270946,0.48415927243232826,0.0003023066674359143,0.099602110683918,0.09911196678876893,0.31012435257434845,0.2844926084280024,1.555807809586378,0.01677335061396214,0.08276256038888999,0.3337871049532307,0.03669624685746889,0.1779189360382933,0.3145438440022199
1.44,30000,0.00033306929981336,0.5097910165786743,0.44712701156735424,0.48415927246213053,0.00030230582342483103,0.099602110683918,0.09911178797483461,0.31012435257434845,0.28449260845780466,1.555807809586378,0.016775016853171336,0.08269787968997501,0.3338179968421226,0.036696334693677106,0.1779189212118409,0.3145438440022199
1.45,30000,0.00033307066769339144,0.5097910165786743,0.44712698176503185,0.48415924268961047,0.0003023045137524605,0.0996021255850792,0.09911280866712349,0.31012435257434845,0.2844925786852846,1.555807809586378,0.016737973118294357,0.08271393417908386,0.33384692590036225,0.03669602021990777,0.17791895440422664,0.3145438440022199
1.46,30000,0.0003330694744363427,0.5097910165786743,0.4471270413696766,0.4841590035557756,0.00030230209813453257,0.099602110683918,0.09911189973354356,0.31012435257434845,0.28449233955144976,1.555807809586378,0.016756447934439336,0.08266737092216882,0.3339054271981464,0.03669639701413697,0.17791893584771437,0.3145438440022199
1.47,30000,0.00033306944533251226,0.5097910165786743,0.44712698176503185,0.48415903300047014,0.0003023013414349407,0.0996021181344986,0.09911234675347823,0.31012435257434845,0.2844923689961443,1.555807809586378,0.016783943613197416,0.08270764810542684,0.3337349180953297,0.03669623032654371,0.17791893600255182,0.3145438440022199
1.48,30000,0.0003330705512780696,0.5097910165786743,0.44712698176503185,0.484158794760705,0.0003023015451617539,0.0996021181344986,0.09911271926760691,0.31012435257434845,0.28449213075637914,1.555807809586378,0.016736835679052795,0.08265978242300409,0.33378980416588416,0.03669610845964178,0.17791893431585626,0.3145438440022199
1.49,30000,0.0003330688632559031,0.5097910165786743,0.4471270413696766,0.48415861603617766,0.0003023038152605295,0.099602110683918,0.09911181778460758,0.31012435257434845,0.2844919520318518,1.555807809586378,0.016754646842170186,0.08269892433759951,0.33384669859664645,0.03669633098207766,0.17791895166607488,0.3145438440022199
1.5,30000,0.000333069619955495,0.5097910165786743,0.4471270413696766,0.4841580501794825,0.00030230102129280567,0.0996021255850792,0.09911267457157391,0.31012435257434845,0.2844913861751566,1.555807809586378,0.016780787394317084,0.0826421897445403,0.3338715285305667,0.03669627113535692,0.17791896713240424,0.3145438440022199
1.51,30000,0.00033307052217423916,0.5097910165786743,0.447127041220665,0.48415799066424464,0.00030229982803575695,0.0996021255850792,0.09911299493163842,0.31012435257434845,0.2844913266599188,1.555807809586378,0.016745456911641858,0.0827754299006239,0.3336755812492007,0.03669612335242486,0.17791891981299113,0.3145438440022199
1.52,30000,0.00033306871773675084,0.5097910165786743,0.44712698176503185,0.4841577822566042,0.00030229976982809603,0.0996021032333374,0.09911162407696264,0.31012435257434845,0.28449111825227835,1.555807809586378,0.016734922605244305,0.08265949183536037,0.33385099221936243,0.03669636972098504,0.17791895159725196,0.3145438440022199
1.53,30000,0.00033306999830529094,0.5097910165786743,0.44712701156735424,0.48415733569860553,0.00030229787807911634,0.0996021255850792,0.099112451054156,0.31012435257434845,0.28449067169427966,1.555807809586378,0.016792184558376652,0.08266172735875295,0.33381316626606256,0.03669625898989693,0.1779189524296852,0.3145438440022199
1.54,30000,0.00033307072590105236,0.5097910165786743,0.4471270114183426,0.48415647229552367,0.00030229828553274274,0.0996021255850792,0.09911304709315318,0.31012435257434845,0.2844898082911978,1.555807809586378,0.016758070926948494,0.08267015149226448,0.3338251246726918,0.036696130972787594,0.17791890457032217,0.3145438440022199
1.55,30000,0.00033306871773675084,0.5097910165786743,0.44712701156735424,0.48415486460924245,0.0003023001772817224,0.099602110683918,0.09911171347647922,0.31012435257434845,0.2844882006049166,1.555807809586378,0.016730107223627274,0.0826919061361079,0.333685239586838,0.036696436712836414,0.1779189212713889,0.3145438440022199
1.56,30000,0.0003330699692014605,0.5097910165786743,0.44712695196270946,0.48415313780307867,0.00030230250558815897,0.0996021181344986,0.09911247341334838,0.31012435257434845,0.2844864737987528,1.555807809586378,0.01677890216815501,0.08263135538454033,0.33382489472774757,0.03669616172373974,0.1779189370632829,0.3145438440022199
1.57,30000,0.00033307052217423916,0.5097910165786743,0.44712701156735424,0.48415325692296124,0.0003022995952051133,0.0996021255850792,0.09911285337805766,0.31012435257434845,0.2844865929186354,1.555807809586378,0.01677114156923988,0.0826819498029885,0.3337518449394627,0.036696233349681494,0.177918936295035,0.3145438440022199
1.58,30000,0.0003330687468405813,0.5097910165786743,0.44712698176503185,0.4841541798710833,0.00030230023548938334,0.099602110683918,0.09911207110434787,0.31012435257434845,0.2844875158667574,1.555807809586378,0.01673090990813754,0.08271020401609872,0.33370103588341576,0.036696373938864865,0.1779189364187684,0.3145438440022199
1.59,30000,0.0003330702311359346,0.5097910165786743,0.44712701156735424,0.4841535546779642,0.00030230122501961887,0.0996021181344986,0.09911248084902781,0.31012435257434845,0.28448689067363836,1.555807809586378,0.016769780012156045,0.08274190254930812,0.33370176322913214,0.03669627059615158,0.1779189357193435,0.3145438440022199
1.6,30000,0.0003330698818899691,0.5097910165786743,0.44712701156735424,0.484163647532464,0.0003023034951183945,0.0996021181344986,0.09911256280541438,0.31012435257434845,0.2844969835281381,1.555807809586378,0.01677478057102019,0.08261940875003852,0.33385285935259024,0.03669616029209175,0.17791893425630828,0.3146175917417817
1.61,30000,0.000333068601321429,0.5098037123680115,0.44712701156735424,0.48417793837189765,0.0003023021563421935,0.099602110683918,0.09911185504496114,0.3101370483636856,0.2845112743675718,1.555871500838083,0.01672318455663094,0.08265563586759449,0.33375679026963634,0.036696542818422245,0.17791893635922043,0.3149933687903066
1.62,30000,0.00033307026023976505,0.5098059773445129,0.44712698176503185,0.4841937178075322,0.00030230317497625947,0.0996021255850792,0.09911289062351006,0.3101393133401871,0.2845270538032063,1.555882863596603,0.016763274390996223,0.08272141869903156,0.33366315909346544,0.03669617320793066,0.17791893559561012,0.3149941401687335
1.63,30000,0.0003330701729282737,0.5098081827163696,0.44712701156735424,0.48421042019128874,0.0003023032913915813,0.0996021181344986,0.09911233185231703,0.31014151871204376,0.28454375618696287,1.5558939273351622,0.016780453500204143,0.0827017099766842,0.33369321153732456,0.03669634292744678,0.1779189512498582,0.3149949871652861
1.64,30000,0.0003330686886329204,0.5098104476928711,0.44712701156735424,0.4842279859781272,0.00030230454285629094,0.099602110683918,0.0991117507293822,0.3101437836885452,0.28456132197380135,1.5559052900936823,0.01672937987839083,0.08265474263674498,0.3338360278994609,0.03669639494930849,0.177918934544154,0.31499586791270945
1.65,30000,0.00033307031844742596,0.5098126530647278,0.44712698176503185,0.48424942219257416,0.00030230244738049805,0.0996021255850792,0.09911280868202466,0.3101459890604019,0.2845827581882483,1.5559163538322414,0.016749081475454997,0.0826817013805224,0.3337986748898451,0.03669630867729837,0.17791893635922043,0.3149967210195497
1.66,30000,0.0003330694744363427,0.5098149180412292,0.44712701156735424,0.4842983682155613,0.000302305503282696,0.0996021181344986,0.09911242126673477,0.3101482540369034,0.28463170421123546,1.5559277165907615,0.016785740225600098,0.08271425444730181,0.3336536355886766,0.03669625465699493,0.17791893587881838,0.31499757565988623
1.67,30000,0.0003330688632559031,0.5098171830177307,0.44712698176503185,0.4843509167134764,0.0003023057070095092,0.0996021032333374,0.09911143036186712,0.31015051901340485,0.28468425270915054,1.5559390793492816,0.016731847512849393,0.08271087116827354,0.3337631368302841,0.036696525041975646,0.1779189362308496,0.31499843487801754
1.68,30000,0.00033307052217423916,0.5098194479942322,0.44712701156735424,0.4844074266552925,0.0003023057652171701,0.0996021255850792,0.09911281611770409,0.3101527839899063,0.28474076265096665,1.5559504421078016,0.01674942117265078,0.08266704700483865,0.33382139437559044,0.036696176150512703,0.17791891987717656,0.31499929563008916
1.69,30000,0.00033306964905932546,0.5098217725753784,0.44712701156735424,0.48440748515725157,0.00030230495030991733,0.0996021181344986,0.0991123989075424,0.31015510857105255,0.2847408211529257,1.5559621038862828,0.016779350440618002,0.08268999406266199,0.33379576057012883,0.03669641618782197,0.177918936295035,0.31500015943840853
1.7,30000,0.0003330689505673945,0.5098240375518799,0.44712701156735424,0.484407540917397,0.00030230788979679346,0.099602110683918,0.09911176562309282,0.310157373547554,0.28474087691307115,1.555973466644803,0.01674243928704841,0.08273123347242743,0.33364587218706954,0.0366964193969658,0.17791893594300381,0.31500102478102804
1.71,30000,0.00033307052217423916,0.5098263621330261,0.44712701156735424,0.4844075691401964,0.00030230788979679346,0.0996021181344986,0.09911259260028618,0.31015969812870026,0.2847409051358705,1.5559851284232842,0.016724776050141662,0.082663232527959,0.333815571912824,0.03669624994883514,0.17791893530776434,0.3150018916580835
1.72,30000,0.00033306932891719043,0.5098286867141724,0.44712701156735424,0.4844075691401964,0.0003023079480044544,0.0996021181344986,0.09911224244534987,0.3101620227098465,0.2847409051358705,1.5559967902017653,0.016772404163533604,0.08268036769802022,0.3338239106560119,0.03669635978142585,0.17791893559097263,0.3150027308961003
1.73,30000,0.00033306912519037724,0.5098309516906738,0.44712701156735424,0.4844140595495706,0.0003023070457857102,0.099602110683918,0.09911189973354356,0.31016428768634796,0.28474739554524475,1.5560081529602854,0.016752125573136725,0.08269522640050762,0.3338338074557491,0.03669649112732635,0.177918920512416,0.3150036023648316
1.74,30000,0.0003330705512780696,0.5098332762718201,0.44712701156735424,0.48443037489056634,0.0003023069293703884,0.0996021255850792,0.09911270435899514,0.3101666122674942,0.2847637108862405,1.5560198147387665,0.016719948766685096,0.08272763129204218,0.3337295152670247,0.03669622563958019,0.17791893693491204,0.315004446194968
1.75,30000,0.0003330694162286818,0.5098356604576111,0.4471270114183426,0.48444511228799864,0.0003023061144631356,0.099602110683918,0.09911184757947938,0.3101689964532852,0.28477844828367277,1.5560317755372088,0.01676571734702198,0.08264216267756001,0.3338529060088037,0.03669641947695185,0.17791893658288077,0.3150053192113063
1.76,30000,0.0003330691542942077,0.5098379850387573,0.4471270114183426,0.4844581824243072,0.00030230573611333966,0.0996021181344986,0.09911194443702714,0.31017132103443146,0.28479151841998135,1.55604343731569,0.016764583170972562,0.08266573322916701,0.33384186230034796,0.03669646962770508,0.17791892044823057,0.3150061645893117
1.77,30000,0.0003330703766550869,0.5098403096199036,0.44712701156735424,0.48446925780177147,0.00030230567790567875,0.0996021255850792,0.09911292787641304,0.3101736456155777,0.2848025937974456,1.556055099094171,0.01671997836667915,0.08270854367301017,0.33380541230037875,0.0366962383533817,0.17791895201346855,0.3150070099801162
1.78,30000,0.0003330691542942077,0.5098426342010498,0.44712701156735424,0.4844784277379516,0.0003023073950316757,0.099602110683918,0.09911178796738403,0.31017597019672394,0.2848117637336257,1.5560667608726524,0.01676169887684489,0.08271669797141815,0.3337475296732247,0.03669645838460994,0.17791893553142468,0.3150078569063076
1.79,30000,0.00033306929981336,0.5098450183868408,0.44712701156735424,0.48448572200536755,0.00030230675474740565,0.099602110683918,0.09911191462725417,0.31017835438251495,0.2848190580010417,1.5560787216710945,0.016767257153973474,0.0826936566653135,0.33396490684899155,0.03669640790018982,0.17791893594300381,0.3150087314960967
1.8,30000,0.00033307066769339144,0.5098473429679871,0.44712701156735424,0.48448997935652754,0.00030230404809117317,0.0996021255850792,0.09911299493163842,0.3101806789636612,0.2848233153522017,1.5560903834495756,0.016720509281874938,0.08270501552916573,0.33384766175884056,0.036696299896390276,0.1779189505504333,0.31500957844798655
1.81,30000,0.0003330692707095295,0.5098497271537781,0.44712701156735424,0.48449051487445854,0.0003023047174792737,0.099602110683918,0.09911202638596313,0.3101830631494522,0.2848238508701327,1.556102344248018,0.016760763701224948,0.08270212814766863,0.3338265248894602,0.03669643436506651,0.177918936295035,0.31501042389004075
1.82,30000,0.0003330693580210209,0.5098520517349243,0.44712701156735424,0.48449167600274107,0.00030230512493290007,0.099602110683918,0.09911189227551238,0.31018538773059845,0.2848250119984152,1.556114006026499,0.016767133179626477,0.08269218093284852,0.3338067825882026,0.03669646692528888,0.17791893594300381,0.31501126782211963
1.83,30000,0.0003330702893435955,0.5098543763160706,0.44712701156735424,0.48449179509282136,0.00030230512493290007,0.0996021255850792,0.09911280122399348,0.3101877123117447,0.2848251310884955,1.5561256678049802,0.01672191124295534,0.08268070298700225,0.33391790866870247,0.036696208078489854,0.17791893594300381,0.3150121117669043
1.84,30000,0.00033306924160569906,0.5098567605018616,0.44712701156735424,0.48449179509282136,0.0003023032040800899,0.099602110683918,0.09911195933818834,0.3101900964975357,0.2848251310884955,1.5561376286034225,0.01674017340368404,0.08269492613712541,0.3338206618036362,0.03669655601863712,0.17791895096201246,0.3150129542015282
1.85,30000,0.00033306964905932546,0.5098590850830078,0.44712701156735424,0.48449179509282136,0.00030230393167585135,0.0996021181344986,0.09911234675347823,0.31019242107868195,0.2848251310884955,1.5561492903819036,0.016770584195917322,0.08270151812441766,0.33378445904312004,0.0366963529362556,0.17791893658288077,0.31501382277604895
1.86,30000,0.00033307066769339144,0.509861409664154,0.44712701156735424,0.48449179509282136,0.0003023025637958199,0.0996021181344986,0.09911263731122034,0.3101947456598282,0.2848251310884955,1.5561609521603847,0.016721191778721715,0.08267871071047632,0.3338562003830802,0.0366963279169023,0.17791893658288077,0.3150146621898522
1.87,30000,0.0003330690087750554,0.5098637342453003,0.44712701156735424,0.48449179509282136,0.00030230291304178536,0.099602110683918,0.09911190718412416,0.3101970702409744,0.2848251310884955,1.556172613938866,0.016731275276190897,0.08266887159409324,0.33391401939248905,0.03669644885888812,0.1779189352435789,0.3150154970470745
1.88,30000,0.00033306979457847774,0.5098660588264465,0.44712701156735424,0.48449179509282136,0.00030230096308514476,0.0996021181344986,0.09911245106160659,0.31019939482212067,0.2848251310884955,1.5561842757173472,0.01676790938373014,0.08269700200185355,0.3338115097155685,0.03669646718434396,0.17791895089782706,0.31501633039340404
1.89,30000,0.0003330702893435955,0.509868323802948,0.44712701156735424,0.48449179509282136,0.0003023020690307021,0.0996021255850792,0.0991127416193487,0.31020165979862213,0.2848251310884955,1.5561956384758673,0.01673915785003952,0.0827508592767543,0.3337336288628938,0.03669623351083646,0.17791895019840212,0.3150171883554766
1.9,30000,0.0003330689505673945,0.5098706483840942,0.44712701156735424,0.48449179509282136,0.0003023021563421935,0.0996021032333374,0.09911158681660907,0.31020398437976837,0.2848251310884955,1.5562073002543484,0.016721371543378275,0.08264389844657907,0.3338779591331299,0.03669657252599907,0.17791893559561012,0.31501801563321297
1.91,30000,0.00033306979457847774,0.5098729133605957,0.44712701156735424,0.48449179509282136,0.0003023016615770757,0.0996021181344986,0.09911261496692914,0.31020624935626984,0.2848251310884955,1.5562186630128685,0.016771088645005025,0.08267418544132651,0.33391302835043185,0.03669633000208125,0.1779189512498582,0.3150188675259952
1.92,30000,0.00033307052217423916,0.5098751783370972,0.44712701156735424,0.48449179509282136,0.00030230096308514476,0.0996021255850792,0.09911286082863825,0.3102085143327713,0.2848251310884955,1.5562300257713886,0.016746535462153506,0.08268399344312627,0.33379471032265157,0.0366963687397858,0.1779189373464911,0.3150196872108489
1.93,30000,0.0003330688923597336,0.5098774433135986,0.44712698176503185,0.48449179509282136,0.0003023037570528686,0.099602110683918,0.09911178798228519,0.31021077930927277,0.2848251310884955,1.556241388529909,0.016718001270706002,0.08273513419893541,0.3337320277374133,0.036696475001840534,0.1779189362308496,0.31502052998670843
1.94,30000,0.0003330700274091214,0.5098796486854553,0.44712698176503185,0.48449179509282136,0.00030230265110731125,0.0996021181344986,0.09911240635067242,0.31021298468112946,0.2848251310884955,1.5562524522684678,0.01676130109081852,0.0826607664332299,0.3338701782767562,0.03669638949145244,0.177918936295035,0.31502136972679595
1.95,30000,0.00033307020203210413,0.509881854057312,0.4471270114183426,0.48449179509282136,0.00030230238917283714,0.0996021181344986,0.09911277142167109,0.31021519005298615,0.2848251310884955,1.5562635160070268,0.01675217011691866,0.0826964259793521,0.33381290656241985,0.036696301466160146,0.17791892162805759,0.3150221757347639
1.96,30000,0.0003330688923597336,0.5098840594291687,0.44712701156735424,0.48449179509282136,0.0003023018653038889,0.099602110683918,0.09911184757947938,0.31021739542484283,0.2848251310884955,1.556274579745586,0.016719568280995006,0.08267559270135966,0.3337767572427172,0.03669657176023743,0.17791895194928312,0.31502300635575087
1.97,30000,0.0003330701729282737,0.5098862648010254,0.44712701156735424,0.48449179509282136,0.00030230238917283714,0.0996021181344986,0.099112495750189,0.3102196007966995,0.2848251310884955,1.556285643484145,0.01675598511658496,0.08273802408492062,0.3337135328596456,0.03669632167183752,0.1779189369944599,0.315023832416608
1.98,30000,0.0003330702311359346,0.5098884701728821,0.44712701156735424,0.48449179509282136,0.00030230224365368485,0.0996021181344986,0.09911248086392897,0.3102218061685562,0.2848251310884955,1.556296707222704,0.016759473972476478,0.08264073919091841,0.3338564028606235,0.03669636413106203,0.177918936295035,0.3150246539169666
1.99,30000,0.00033306883415207267,0.509890615940094,0.44712701156735424,0.48449179509282136,0.00030230259289965034,0.099602110683918,0.09911192953586595,0.3102239519357681,0.2848251310884955,1.5563074719413021,0.016710570342784052,0.08266949347391521,0.33374908961778726,0.03669654442133395,0.17791895096201246,0.3150254693329483
2.0,30000,0.0003330702311359346,0.5098927021026611,0.44712701156735424,0.48449179509282136,0.0003023034369107336,0.0996021181344986,0.09911267456412333,0.31022603809833527,0.2848251310884955,1.556317937639939,0.016752225851474643,0.08270704567955597,0.333738382338111,0.036696326048368005,0.17791893594300381,0.3150263093602016
