time_s,n_mp,mean_displacement_m,p95_displacement_m,p99_displacement_m,max_displacement_m,mean_speed_mps,p95_speed_mps,max_speed_mps,max_plastic_strain,plastic_fraction_gt_1e4_percent,mean_delta_plastic_strain,max_delta_plastic_strain,fraction_delta_plastic_gt_1e5_percent,robust_front_advance_m
1.0010000000000001,3558,5.737402654205469e-09,3.1498342720509876e-09,1.1795499742157513e-08,6.319387478170685e-06,1.1474805314185534e-05,6.299668786624851e-06,0.012638774958801325,0.0019189678180659476,19.645868465430016,1.0482963434954444e-10,4.674978841830266e-09,0.0,1.320369879209693e-06
1.002,3558,2.4126360545645227e-08,1.2864926944281927e-08,4.918205875385396e-08,2.048726137234509e-05,3.132800088876283e-05,1.8574601176003197e-05,0.035185251412356115,0.0019189678180659476,19.645868465430016,3.3283933480030505e-10,1.2775290233622751e-08,0.0,5.456685610027989e-06
1.003,3558,5.577833929625848e-08,3.131874544500319e-08,1.1985415530302706e-07,4.1490829568757164e-05,5.160039491038058e-05,2.9072670854448756e-05,0.054044333154658654,0.0019189678180659476,19.645868465430016,7.46224654331847e-10,2.4521578058139988e-08,0.0,1.2129596534293796e-05
1.0039999999999998,3558,1.0260142568120244e-07,5.827996480510851e-08,2.2208100813879878e-07,6.855775342617579e-05,7.188474425398578e-05,3.770407537536607e-05,0.07013930282024917,0.001918970516766108,19.645868465430016,1.3932643330776386e-09,3.824540353095367e-08,0.0,2.152372789510082e-05
1.0049999999999997,3558,1.6544547221145262e-07,9.385321189604099e-08,3.498031917566409e-07,0.00010102886804012748,9.180965507272976e-05,4.486558231967158e-05,0.08161819416171683,0.0019189785685687492,19.645868465430016,2.331459440458894e-09,5.222302024032884e-08,0.0,3.367447423840986e-05
1.0059999999999996,3558,2.4255610815179226e-07,1.447389069569232e-07,5.226702081244549e-07,0.00013622527504274915,0.0001121212797725749,5.183651375169222e-05,0.08853387380563524,0.0019189924133618125,19.645868465430016,3.617823094503014e-09,6.488461178775693e-08,0.0,4.775126623712822e-05
1.0069999999999995,3558,3.35387603301458e-07,2.0163294213394115e-07,1.0754878892465644e-06,0.0001730281217679227,0.00013164440054438294,6.191898473272794e-05,0.09160314653662502,0.0019190126473526622,19.645868465430016,5.25705100270265e-09,9.047204377245904e-08,0.0,6.365634240523832e-05
1.0079999999999993,3558,4.434184970120606e-07,2.791020808139798e-07,2.097894521297513e-06,0.00021009677799975574,0.0001510126620082189,7.243513439899235e-05,0.09059050793342453,0.001919038764227225,19.645868465430016,7.215219329695576e-09,1.2110184248410654e-07,0.0,8.097665083539596e-05
1.0089999999999992,3558,5.652828163515553e-07,3.638837994977457e-07,3.7429350984003982e-06,0.0002456501606641923,0.00016899209526950837,8.7741860204179e-05,0.08637455180053981,0.0019190696262791325,19.645868465430016,9.482926000078975e-09,1.546165012770973e-07,0.0,9.899170692406756e-05
1.0099999999999991,3558,7.010682550801485e-07,4.598047690801293e-07,5.761323829433227e-06,0.000278912821989119,0.00018507658384439603,9.948160720044604e-05,0.07976139114345328,0.001919103767036776,19.645868465430016,1.1960054933461661e-08,1.8970209507581087e-07,0.0,0.00011737851308524228
1.010999999999999,3558,8.491597301195501e-07,5.638736475081346e-07,7.889357717397953e-06,0.0003089590739614516,0.00019969843874392747,0.00010426978991541487,0.07120666425903478,0.0019191394068230822,19.645868465430016,1.4489505784294862e-08,2.2577117581511989e-07,0.0,0.0001355880445075286
1.011999999999999,3558,1.007937214833743e-06,6.768460550902122e-07,1.1509764039682065e-05,0.00033502513864969256,0.00021193937710033354,0.0001045350016464689,0.07007844504194877,0.0019191741307143784,19.645868465430016,1.69125554527863e-08,2.6426316125324235e-07,0.0,0.00015307262174246716
1.0129999999999988,3558,1.1762356535677e-06,7.968495693296726e-07,1.5464082334211087e-05,0.0003569442573504377,0.00022206954213918644,0.00011153413438456411,0.06674145799127752,0.0019192057793293664,19.645868465430016,1.9094141761219292e-08,3.002323608550109e-07,0.0,0.00016952568158501435
1.0139999999999987,3558,1.3518984179660756e-06,9.322878246184688e-07,2.126028020262866e-05,0.00037448826459968263,0.00023006208298423066,0.00011406476453345666,0.06135512950929638,0.0019192326817174677,19.645868465430016,2.0950830249780142e-08,3.323696948548307e-07,0.0,0.00018455874965894736
1.0149999999999986,3558,1.5331722498913286e-06,1.0537405704083706e-06,2.831359095405883e-05,0.00038769054559169194,0.0002356096222725589,0.00011571793532032445,0.05426019038881303,0.0019192541435634532,19.645868465430016,2.2434332536763036e-08,3.599810609169812e-07,0.0,0.00019791239641975267
1.0159999999999985,3558,1.718501511012895e-06,1.172760038989166e-06,3.635184083390947e-05,0.0003968634167006798,0.00023890616672822524,0.00011670993113286295,0.04588417247219679,0.0019192699646045168,19.645868465430016,2.357527186288595e-08,3.8223792458145535e-07,0.0,0.00020947952311090035
1.0169999999999983,3558,1.9059809432297525e-06,1.2800726862660019e-06,3.809941440332052e-05,0.00040227572434888253,0.00023990422410604946,0.0001149632719313795,0.03669649199834597,0.0019192807362261595,19.645868465430016,2.446039580498857e-08,5.091223581431129e-07,0.0,0.00021914974049863645
1.0179999999999982,3558,2.0940022290069572e-06,1.4024844131581296e-06,4.220738996710094e-05,0.0004043655481755452,0.0002387782922715845,0.00010977537900548666,0.02716342410520237,0.0019192872851007655,19.645868465430016,2.52075089650703e-08,7.762775959095777e-07,0.0,0.00022693434953779956
1.0189999999999981,3558,2.281303258935531e-06,1.5008657899431794e-06,5.1928736238292054e-05,0.0004036353434868137,0.00023682468922175333,0.00010951673799844226,0.0247426418578918,0.0019192908046316314,19.645868465430016,2.5925082255530645e-08,1.1524462387863384e-06,0.0,0.00023290909378914648
1.019999999999998,3558,2.466556732432007e-06,1.615764703123397e-06,6.132492580008668e-05,0.00040052406941489563,0.00023590200168855895,0.0001087632144028655,0.023133866669348413,0.0019192923908749667,19.645868465430016,2.670938070126472e-08,1.6641947615397845e-06,0.0,0.00023714485204706648
1.020999999999998,3558,2.648639892423439e-06,1.7296037868960532e-06,6.764927181995011e-05,0.0003955194922871839,0.00023381722975331288,0.00011449700015224608,0.020648518003324325,0.001919293011574771,19.645868465430016,2.7649078971132902e-08,2.3430844466381192e-06,0.0,0.0002397641843963072
1.0219999999999978,3558,2.826464997524172e-06,1.8086870271093812e-06,7.443957593973385e-05,0.0003890539510580313,0.00023543003612129952,0.0001194423888725258,0.017859323390095987,0.0019192933287188105,19.645868465430016,2.8803294957811285e-08,3.2178956151955655e-06,0.0,0.00024088009596567872
1.0229999999999977,3558,2.9992116432164495e-06,1.9095930964050967e-06,8.162443159524605e-05,0.00038147409318871936,0.00023822420105733513,0.00014480381476207702,0.021746726598332915,0.001919293680039404,19.645868465430016,3.0217499137510944e-08,4.318492319716659e-06,0.0,0.00024057806095711953
1.0239999999999976,3558,3.1664350922155327e-06,2.0109204171738865e-06,8.775317151995003e-05,0.00037309495923149965,0.00024443308826708836,0.00019041825653927304,0.024813438335903337,0.0019192941020070302,19.645868465430016,3.3125519538380425e-08,5.666478821745054e-06,0.0,0.0002389440220014194
1.0249999999999975,3558,3.327750296460955e-06,2.1446358601877455e-06,9.31978198865195e-05,0.0003641373868379371,0.000254975459210252,0.0002820917726355168,0.027083096361636545,0.0019192944386677952,19.645868465430016,3.771062654689078e-08,7.278265571591215e-06,0.0,0.0002360325065744462
1.0259999999999974,3558,3.4827578017395445e-06,2.31836645991378e-06,9.714257899896672e-05,0.00035474772869375197,0.00026698549881552726,0.00034809088847147256,0.028590729685545834,0.001919294449619356,19.645868465430016,4.2628631264245225e-08,1.1206352427491528e-05,0.056211354693648116,0.0002318810614276856
1.0269999999999972,3558,3.6309161881658695e-06,2.4328763244148307e-06,9.980146065531212e-05,0.0003450313246684865,0.00028046887936733977,0.000450464727286658,0.030713659523746793,0.001919294449619356,19.645868465430016,4.7850144336158076e-08,1.567063710674335e-05,0.11242270938729623,0.00022653305897080145
1.0279999999999971,3558,3.7719402173305753e-06,2.6925618658712576e-06,0.00010415375343019505,0.00033503641224856133,0.00029523500667608165,0.0005304066946006691,0.0331329112766337,0.001919294449619356,19.645868465430016,5.33178324171729e-08,1.992869454943871e-05,0.11242270938729623,0.00022003307308438025
1.028999999999997,3558,3.905828999058838e-06,3.4718097822079687e-06,0.00010572948924062576,0.00032479257173375996,0.00030950268740441276,0.0006811075237403763,0.03494642187718601,0.001919294449619356,19.645868465430016,5.900425873551656e-08,2.386437541729963e-05,0.11242270938729623,0.00021244984931811928
1.029999999999997,3558,4.032473738011553e-06,4.423861030031698e-06,0.00010659331903217869,0.00031433435864636477,0.000321134190538905,0.0008527767050240365,0.03617685205563313,0.001919294449619356,19.702079820123668,6.486100482018602e-08,2.7368749652491768e-05,0.11242270938729623,0.0002038880945924859
1.0309999999999968,3558,4.15177943821074e-06,5.261944518036254e-06,0.00011006247615311793,0.00030370380559237466,0.00032976283241538146,0.0009868911509735476,0.03681601631600446,0.001919294449619356,19.702079820123668,7.084914456316142e-08,3.0347865125685407e-05,0.11242270938729623,0.00019448674780520037
1.0319999999999967,3558,4.263748915859273e-06,6.9527512841761046e-06,0.0001107676936416726,0.00029297739343374883,0.0003360249201812061,0.000997818367775505,0.036833832696971276,0.001919294449619356,19.702079820123668,7.695229617474662e-08,3.272559519825452e-05,0.11242270938729623,0.00018442805854945732
1.0329999999999966,3558,4.368489639644606e-06,8.378281899902544e-06,0.00011106089824865774,0.0002822697348963984,0.0003403041441828341,0.0012643679692308217,0.03619257832734608,0.001919294449619356,19.702079820123668,8.317919814677606e-08,3.444670164246459e-05,0.11242270938729623,0.00017393187900083262
1.0339999999999965,3558,4.4661727897671535e-06,1.038344727240153e-05,0.000109628575185718,0.00027172877491803664,0.0003430382388132253,0.001443917730954539,0.03486325959647048,0.001919294449619356,19.702079820123668,8.952418637432322e-08,3.5478515712769494e-05,0.11242270938729623,0.00016324444995419185
1.0349999999999964,3558,4.5569975062398855e-06,1.177657615807989e-05,0.00010579362621483698,0.0002615378971287431,0.0003445984799270954,0.0015142966020224877,0.03284038366385207,0.0019192967913035388,19.702079820123668,9.600833984795249e-08,3.5812033495881824e-05,0.11242270938729623,0.00015263065560233713
1.0359999999999963,3558,4.64119476267619e-06,1.2854070240649422e-05,0.00010543604274380948,0.0002518995524593719,0.0003453592566068111,0.001575045772201496,0.030151993519565642,0.0019193035795288039,19.702079820123668,1.0342687166777024e-07,3.7261893139611674e-05,0.19673974142776843,0.00014235741273793678
1.0369999999999961,3558,4.719002099886922e-06,1.4784603495162587e-05,0.00010096086814722994,0.0002430188005685984,0.0003465691521013497,0.0017741512513641683,0.026863427147814492,0.0019193121387840364,19.702079820123668,1.1253071307819384e-07,3.971973089123701e-05,0.19673974142776843,0.00013267860016341615
1.037999999999996,3558,4.790598207941186e-06,1.705453597063203e-05,9.979664650615081e-05,0.0002350896739376752,0.00034729795980159166,0.0019321302119778626,0.02307463189061973,0.0019193221731249232,19.702079820123668,1.2214695679432737e-07,4.180776125646852e-05,0.19673974142776843,0.00012382351054895935
1.038999999999996,3558,4.8559160913085195e-06,1.9961582185334027e-05,9.48968712340349e-05,0.00022827537972933774,0.00034670782119729254,0.0020234176231521605,0.020303050747347708,0.0019193334113460042,19.702079820123668,1.322119827446817e-07,4.345687243462515e-05,0.2810567734682406,0.0001159839835764842
1.0399999999999958,3558,4.915131644538575e-06,2.124593339678616e-05,9.142690704730748e-05,0.00022269636791694646,0.0003455507284545449,0.0020547884116953355,0.020679757290868964,0.0019193456200761886,19.702079820123668,1.4259779857756162e-07,4.4609454870622755e-05,0.2810567734682406,0.00010930666985586868
1.0409999999999957,3558,4.968268934290972e-06,2.4510943675994786e-05,8.831803615936479e-05,0.00021842415867506858,0.0003458511861388435,0.0021879786550900128,0.021917107334725402,0.001919358658216593,19.702079820123668,1.5320010671785622e-07,4.522120806267944e-05,0.2810567734682406,0.00010388846239095528
1.0419999999999956,3558,5.015504411005935e-06,2.7808005775359312e-05,8.392229717210081e-05,0.0002154783586757075,0.00034845219882807615,0.002305595571872858,0.022331953957387216,0.0019193724657897181,19.702079820123668,1.6394384050810182e-07,4.5262998758662404e-05,0.2810567734682406,9.977431097496492e-05
1.0429999999999955,3558,5.057007988871022e-06,2.9909648395462258e-05,8.116222025155493e-05,0.0002138322373865429,0.00035356007411863115,0.002340821479260525,0.02194493959355322,0.0019193870526454187,19.702079820123668,1.7499982179765723e-07,4.5262998758662404e-05,0.2810567734682406,9.696056106989204e-05
1.0439999999999954,3558,5.093055444012368e-06,3.162048893980664e-05,7.69039425311526e-05,0.00021342136026676227,0.00036134152062498415,0.0024376943334993234,0.020842422796897478,0.0019194024647769907,19.702079820123668,1.862943241937135e-07,4.5262998758662404e-05,0.5059021922428331,9.540112436212667e-05
1.0449999999999953,3558,5.1241659821399456e-06,3.2377630723335226e-05,7.527164556501353e-05,0.0002141519464250978,0.00037073075495120165,0.0024698652017236078,0.019317158134192623,0.0019194187424448068,19.702079820123668,1.977090565896174e-07,4.5262998758662404e-05,0.5902192242833052,9.501524191435351e-05
1.0459999999999952,3558,5.151172166176331e-06,3.222324137140348e-05,7.247245040996953e-05,0.0002159093929037373,0.0003811137924820562,0.0024798134163140652,0.020986110726645326,0.001919435860604527,19.702079820123668,2.0913772921624285e-07,4.5262998758662404e-05,0.5902192242833052,9.569697438038816e-05
1.046999999999995,3558,5.175308197396738e-06,3.2952870610521296e-05,7.102245369965959e-05,0.00021856451360645763,0.00039278217582433767,0.0025201404569381554,0.021713380497214295,0.0019194536811260826,19.702079820123668,2.2047023368418336e-07,4.5262998758662404e-05,0.7026419336706015,9.732428621944678e-05
1.047999999999995,3558,5.198324861274426e-06,3.220473059027687e-05,7.025199218586213e-05,0.00022197812642303785,0.000404991580518488,0.0025956091898195442,0.021545225172809882,0.0019194719307664768,19.702079820123668,2.3161825425312177e-07,4.5262998758662404e-05,0.7026419336706015,9.976723043081392e-05
1.0489999999999948,3558,5.222520773585958e-06,3.205596070405177e-05,6.810599992517677e-05,0.00022600549967052982,0.0004164008430838978,0.002633300510745559,0.020570605558661057,0.0019194902177885208,19.702079820123668,2.4262030098880034e-07,4.5262998758662404e-05,0.7026419336706015,0.00010289487539338893
1.0499999999999947,3558,5.250556757945207e-06,3.1949779302762657e-05,6.742332792165712e-05,0.00023050090894666505,0.0004268021992721608,0.00263344342383743,0.018910819036283742,0.001919508066813536,19.702079820123668,2.535620167042e-07,4.5262998758662404e-05,0.7026419336706015,0.00010658003110819436
1.0509999999999946,3558,5.284828146984414e-06,3.230048537121069e-05,6.64651069912569e-05,0.0002353231002195653,0.0004356899567966897,0.0026325246957508686,0.019282346318194938,0.0019195249803682702,19.702079820123668,2.6443362652013955e-07,4.5262998758662404e-05,0.7588532883642496,0.0001107021432922295
1.0519999999999945,3558,5.326798595748434e-06,3.199468244735508e-05,6.471122863425626e-05,0.00024034114642180936,0.0004415672752369873,0.002683987067857758,0.019843453460572494,0.001919540515831108,19.78639685216414,2.752612629302316e-07,4.5262998758662404e-05,0.8431703204047217,0.0001151485266781549
1.0529999999999944,3558,5.376755575399701e-06,3.311868144348548e-05,6.346970946331133e-05,0.0002454397080365815,0.0004437716355761253,0.002658260191993088,0.019939350516493495,0.0019195543598383488,19.78639685216414,2.85974550994871e-07,4.5262998758662404e-05,0.8431703204047217,0.00011981411940453768
1.0539999999999943,3558,5.43424850964445e-06,3.3473662689889606e-05,6.24997625779582e-05,0.00025052309773633606,0.0004431669635992526,0.002670716328479255,0.019574584578001496,0.0019195663849275444,19.78639685216414,2.964232102034947e-07,4.5262998758662404e-05,0.8431703204047217,0.00012460057815744108
1.0549999999999942,3558,5.498508010984107e-06,3.275107176350125e-05,6.206411026416091e-05,0.00025551709445998603,0.0004419349222883634,0.0027050585223712155,0.018764212344141107,0.0019195766776795135,19.78639685216414,3.065513086839805e-07,4.5262998758662404e-05,0.983698707138842,0.00012941513899988877
1.055999999999994,3558,5.568912270318934e-06,3.2831659302449134e-05,6.064579436576567e-05,0.0002603681806006676,0.0004423307016262392,0.002695560564916541,0.017537266111872042,0.0019195855323343477,19.78639685216414,3.162824194710843e-07,4.5262998758662404e-05,1.0961214165261384,0.0001341696782688473
1.056999999999994,3558,5.6437456751486175e-06,3.272587358390251e-05,5.984266347298623e-05,0.00026504050649676057,0.0004444852045739753,0.002758957341908586,0.015939636017852046,0.00191959341069891,19.78639685216414,3.257255047286079e-07,4.5262998758662404e-05,1.0961214165261384,0.00013878047803217441
1.0579999999999938,3558,5.720436580216724e-06,3.3712149306955165e-05,5.933337747713366e-05,0.00026951089146037615,0.00044768540550301216,0.002740133180227319,0.014036509349244945,0.001919600874197643,19.78639685216414,3.3511237789288997e-07,4.5262998758662404e-05,1.0961214165261384,0.00014316875906672522
1.0589999999999937,3558,5.799968525169941e-06,3.368850276211335e-05,5.8944072250791115e-05,0.0002737627800578911,0.00045162913131567805,0.002767517148691846,0.011915303071672887,0.001919608501754345,19.78639685216414,3.4462422050807866e-07,4.5262998758662404e-05,1.0961214165261384,0.0001472619946518705
1.0599999999999936,3558,5.881551055836723e-06,3.352632365649552e-05,5.8778164285916155e-05,0.0002777801728731612,0.0004564555981447867,0.002780948288036724,0.009894606801861562,0.0019196168084401064,19.78639685216414,3.5428147763636757e-07,4.5262998758662404e-05,1.2366498032602586,0.0001509958929801769
1.0609999999999935,3558,5.963777635906551e-06,3.392281602768014e-05,5.762118373912543e-05,0.00028154230820357943,0.00046271241617155127,0.002784501384054824,0.010505096730358666,0.0019196261801285746,19.78639685216414,3.6421080238915833e-07,4.5262998758662404e-05,1.2366498032602586,0.00015431667482701528
1.0619999999999934,3558,6.0462422405344775e-06,3.36814003625325e-05,5.7021567286292263e-05,0.0002850199137196387,0.0004717865724555777,0.0027597074147467293,0.011579212948582765,0.0019196368337117626,19.78639685216414,3.739717525995016e-07,4.5262998758662404e-05,1.2366498032602586,0.00015718331699687837
1.0629999999999933,3558,6.128398075309347e-06,3.407654593405849e-05,5.661006023175333e-05,0.00028817349833050985,0.000481701293215025,0.002789980353909499,0.012598823297987644,0.0019196488157206574,19.78639685216414,3.835182258260004e-07,4.5262998758662404e-05,1.2366498032602586,0.00015956940407946263
1.0639999999999932,3558,6.2125852671663146e-06,3.4407895615752816e-05,5.683255471999713e-05,0.000290953785871524,0.0004915433289066564,0.00284459899298993,0.013478962523339997,0.001919662032453138,19.78639685216414,3.9300436451459124e-07,4.5262998758662404e-05,1.2928611579539067,0.00016146422951734962
1.064999999999993,3558,6.29889809927098e-06,3.4196447349671544e-05,5.618351751436643e-05,0.0002933042270091679,0.0005006175272318347,0.0029005198124185437,0.014150357260995911,0.0019196763051839995,19.78639685216414,4.0255465814156326e-07,4.5262998758662404e-05,1.2928611579539067,0.0001628729549736363
1.065999999999993,3558,6.386970068898028e-06,3.4527385574545724e-05,5.580099638497608e-05,0.00029516520708780964,0.0005087687215184793,0.002932389103312714,0.0145578748067623,0.0019196914376181321,19.78639685216414,4.123612732974224e-07,4.5262998758662404e-05,1.2928611579539067,0.0001638157275145602
1.0669999999999928,3558,6.478064734345017e-06,3.458991713639446e-05,5.612120000630224e-05,0.000296479393524853,0.0005149170629314235,0.002886110369121789,0.014661897750442852,0.0019197072709317693,19.78639685216414,4.2244479270464404e-07,4.5262998758662404e-05,1.3490725126475547,0.00016432577733738185
1.0679999999999927,3558,6.571570232372536e-06,3.506115895749289e-05,5.7537613676871514e-05,0.00029719762539462814,0.0005194077103288325,0.0029288336278826786,0.01444129338174256,0.0019197237317307595,19.78639685216414,4.327241687999391e-07,4.5262998758662404e-05,1.4614952220348512,0.00016444667819470737
1.0689999999999926,3558,6.6671544404462925e-06,3.4699348776855136e-05,5.9652944465192236e-05,0.0002972846684743875,0.0005220219224179551,0.0029047829884265705,0.01432120484563189,0.0019197408541621068,19.78639685216414,4.430764492892796e-07,4.5262998758662404e-05,1.5458122540753232,0.0001642290202141794
1.0699999999999925,3558,6.764851610687733e-06,3.498145715963163e-05,6.165074438040689e-05,0.0002967242178678187,0.0005228147133537508,0.002911586396997037,0.014526595386736313,0.0019197587853730306,19.78639685216414,4.533493922520509e-07,4.5262998758662404e-05,1.6863406408094435,0.00016372681019305446
1.0709999999999924,3558,6.86519880250604e-06,3.5261716782272466e-05,6.26455026992735e-05,0.0002955226431532534,0.0005241783376937832,0.0030128974243166457,0.01432904141583292,0.0019197777524609507,19.78639685216414,4.635683807283651e-07,4.5262998758662404e-05,1.8268690275435637,0.0001629939457714613
1.0719999999999923,3558,6.968258271112663e-06,3.519128414746886e-05,6.39801784071148e-05,0.0002937110787233051,0.0005269582182912624,0.0029450213151971387,0.013746206154725464,0.001919798006556644,19.78639685216414,4.73870038084125e-07,4.5262998758662404e-05,1.8268690275435637,0.000162081068193487
1.0729999999999922,3558,7.072925755075078e-06,3.548534921897289e-05,6.478632875031786e-05,0.00029134565102172956,0.0005297169371102058,0.002911207483238091,0.012805527737999357,0.0019198197527349344,19.78639685216414,4.843658795874895e-07,4.5262998758662404e-05,1.8268690275435637,0.0001610330503680757
1.073999999999992,3558,7.178264463241576e-06,3.588940252514608e-05,6.551011188951496e-05,0.0002885058174418094,0.000532234070828487,0.0029109657244916183,0.011542733047531992,0.0019198430793730225,19.78639685216414,4.950015164969636e-07,4.5262998758662404e-05,1.8268690275435637,0.0001598872981958266
1.074999999999992,3558,7.28267717321708e-06,3.592628247497256e-05,6.625332965241947e-05,0.00028529095689222393,0.0005333618247773333,0.002901806758099611,0.010728997526025684,0.0019198678981445546,19.78639685216414,5.059053412028351e-07,4.5262998758662404e-05,1.8268690275435637,0.00015867294036553403
1.0759999999999919,3558,7.386876766129916e-06,3.6142283721355147e-05,6.561289955406033e-05,0.00028181552504944114,0.0005331385068802655,0.0029264125532064695,0.009885589695071546,0.001919893912541398,19.78639685216414,5.168384496829661e-07,4.5262998758662404e-05,1.8268690275435637,0.00015741089595167068
1.0769999999999917,3558,7.491943700024388e-06,3.6125091736851795e-05,6.567310968723672e-05,0.0002782032036430667,0.0005331013817698699,0.0028982552042704068,0.009686518688293113,0.0019199206164413993,19.78639685216414,5.275753233415164e-07,4.5262998758662404e-05,1.8268690275435637,0.00015611472485943523
1.0779999999999916,3558,7.594956167428543e-06,3.614910482102715e-05,6.538154957940425e-05,0.00027458054191686047,0.0005345005788617905,0.0028588941075292575,0.00948942320419629,0.0019199473255969482,19.78639685216414,5.382177407941764e-07,4.5262998758662404e-05,2.0236087689713322,0.0001547920976285866
1.0789999999999915,3558,7.696740707236356e-06,3.6508247367016055e-05,6.54699337430121e-05,0.00027107061590792144,0.00053657159675836,0.002769726795938325,0.009115852542734866,0.0019199732293396503,19.78639685216414,5.490467476751435e-07,4.5262998758662404e-05,2.0236087689713322,0.00015344668415906426
1.0799999999999914,3558,7.797262130269176e-06,3.649516921155393e-05,6.55404612943707e-05,0.0002677871892336097,0.000538879757302397,0.002782453516497554,0.008567047664563367,0.0019199974592912627,19.78639685216414,5.600185606449985e-07,4.5262998758662404e-05,2.0236087689713322,0.00015208024057855596
1.0809999999999913,3558,7.894815350549276e-06,3.6734725776775746e-05,6.5603531996949e-05,0.000264829774369351,0.0005436694067302544,0.002850755465527728,0.008696374676392195,0.0019200191712636266,19.78639685216414,5.711344449830563e-07,4.5262998758662404e-05,2.1079258010118047,0.0001506946769289641
1.0819999999999912,3558,7.989258752661519e-06,3.6423248381380154e-05,6.565659765650723e-05,0.0002622798765161408,0.0005497717862904798,0.002906213081706618,0.009701523355909203,0.0019200376204212514,19.78639685216414,5.825830630707983e-07,4.5262998758662404e-05,2.1922428330522767,0.00014929391368667666
1.082999999999991,3558,8.080417121831788e-06,3.588854247489847e-05,6.517556947957432e-05,0.0002601985577106262,0.0005558559613339147,0.0029638390903924203,0.010804061040699475,0.0019200522229650496,19.78639685216414,5.944710446977614e-07,4.5262998758662404e-05,2.1922428330522767,0.0001478853694720783
1.083999999999991,3558,8.167088849541236e-06,3.616272049024026e-05,6.441073070016821e-05,0.0002586253209346599,0.0005617964720093754,0.0029271956029583873,0.011590937355944115,0.001920062597877045,19.78639685216414,6.066951991150493e-07,4.5262998758662404e-05,2.2765598650927488,0.00014648096684410916
1.0849999999999909,3558,8.249279159599508e-06,3.591938135730371e-05,6.387894992415091e-05,0.0002575781964045868,0.0005678635241006505,0.0028495905221956642,0.012045972536241225,0.0019200685765934909,19.78639685216414,6.192067539308108e-07,4.5262998758662404e-05,2.332771219786397,0.00014509759192549154
1.0859999999999908,3558,8.328262860801008e-06,3.600847834150464e-05,6.337198654167335e-05,0.00025705482566567233,0.0005737548119557111,0.0027831282672500235,0.012170896436752164,0.0019200701834644195,19.78639685216414,6.321769280463512e-07,4.5262998758662404e-05,2.332771219786397,0.0001437569887485779
1.0869999999999906,3558,8.406552201401e-06,3.553809545713668e-05,6.239609170975661e-05,0.0002570342997857588,0.0005791682063816638,0.0028780827169176248,0.01198364073758824,0.0019200701834644195,19.78639685216414,6.455208304210314e-07,4.5262998758662404e-05,2.332771219786397,0.00014248511281067522
1.0879999999999905,3558,8.486196685168923e-06,3.55706041750233e-05,6.129551843937639e-05,0.00025747950885260444,0.0005848507065971,0.002860641783975861,0.011515485762395758,0.0019200701834644195,19.78639685216414,6.600251268057724e-07,4.5262998758662404e-05,2.4732996065205173,0.00014131100546066477
1.0889999999999904,3558,8.56781430685472e-06,3.561029278522651e-05,6.043006334504396e-05,0.0002583397913819989,0.0005892795349015499,0.002872507166034478,0.010819108772687637,0.0019200701834644195,19.78639685216414,6.749461772637269e-07,4.5262998758662404e-05,2.4732996065205173,0.00014026528021560125
1.0899999999999903,3558,8.650144796842192e-06,3.553445958737557e-05,5.894994635463504e-05,0.0002595537241499237,0.0005930374734910994,0.00291350997390559,0.010528928269131271,0.0019200701834644195,19.78639685216414,6.897822061841452e-07,4.5262998758662404e-05,2.641933670601462,0.00013937833535493382
1.0909999999999902,3558,8.734089929526514e-06,3.56631655146147e-05,5.761356414199839e-05,0.00026105194608298067,0.0005960451949164715,0.0028619488586799227,0.009958343562154501,0.0019200701834644195,19.78639685216414,7.043170960635161e-07,4.5262998758662404e-05,2.810567734682406,0.00013867842235626426
1.09199999999999,3558,8.820753375610894e-06,3.555927063406838e-05,5.6924332444866434e-05,0.0002627599529278479,0.0005977707768174735,0.0028532504723658425,0.009142846294884384,0.0019200701834644195,19.78639685216414,7.185230672629176e-07,4.5262998758662404e-05,2.810567734682406,0.0001381897070444893
1.09299999999999,3558,8.909952422344668e-06,3.545720859665654e-05,5.6495100320619705e-05,0.0002646008271212184,0.000598346508458112,0.0028679501916824873,0.008505848975767132,0.0019200701834644195,19.842608206857783,7.345225860127295e-07,4.5262998758662404e-05,2.810567734682406,0.00013793046064236592
1.0939999999999899,3558,9.000930732146244e-06,3.5264434874236705e-05,5.5353216595638015e-05,0.00026649787601273894,0.0005978738741624257,0.0028311291601880494,0.008996987059057212,0.0019200701834644195,19.842608206857783,7.516205279222111e-07,4.5262998758662404e-05,2.810567734682406,0.0001379115100803574
1.0949999999999898,3558,9.09330554373591e-06,3.551668954881136e-05,5.510944944953105e-05,0.000268377146209075,0.0005983064880392648,0.002752879993432075,0.0093094936893683,0.0019200701834644195,19.842608206857783,7.690403915420026e-07,4.5262998758662404e-05,2.866779089376054,0.00013813506143378618
1.0959999999999896,3558,9.18679150943504e-06,3.546223786348869e-05,5.4167494881908976e-05,0.0002701697694016358,0.0006005498101503343,0.0027181368912427037,0.00942790744510377,0.0019200701834644195,19.842608206857783,7.860036775063507e-07,4.5262998758662404e-05,2.951096121416526,0.0001385939879696707
1.0969999999999895,3558,9.282427544686717e-06,3.504951552088752e-05,5.3394302846944826e-05,0.0002718140818487021,0.0006040681650624113,0.0027147750966959663,0.00934296929149554,0.0019200701834644195,19.898819561551434,8.042987353978682e-07,4.5262998758662404e-05,3.1197301854974704,0.0001392716452990328
1.0979999999999894,3558,9.380227517199765e-06,3.4928646502849616e-05,5.333914722586608e-05,0.0002732574523183787,0.0006082887231474569,0.0026726421057241905,0.009174053624519694,0.0019200701834644195,19.898819561551434,8.23765951608189e-07,4.5262998758662404e-05,3.1197301854974704,0.00014014224223046767
1.0989999999999893,3558,9.480046827955971e-06,3.481772711746788e-05,5.30112706831083e-05,0.00027445775535262526,0.0006129924122329556,0.0027016697477178723,0.00887572397208361,0.0019200701834644195,19.898819561551434,8.429697637389083e-07,4.5262998758662404e-05,3.1197301854974704,0.00014117175940597804
1.0999999999999892,3558,9.581126253323468e-06,3.4619871357964754e-05,5.246103384467508e-05,0.00027538443787359875,0.0006189261859820264,0.0026584900100766326,0.008431173259580807,0.0019200701834644195,19.898819561551434,8.637710185560674e-07,4.5262998758662404e-05,3.204047217537943,0.00014231937059960842
1.100999999999989,3558,9.682947393120763e-06,3.469075150146464e-05,5.182849428598157e-05,0.0002760191455454993,0.0006259424684434951,0.00272274406510353,0.007934020741175237,0.0019200701834644195,19.898819561551434,8.856581433979012e-07,4.5262998758662404e-05,3.400786958965711,0.0001435392872046748
1.101999999999989,3558,9.78513770355881e-06,3.481875293523039e-05,5.1476464782820846e-05,0.0002763558970117949,0.0006327818419358556,0.0026889489107387913,0.008415998692115822,0.0019200701834644195,19.898819561551434,9.071294527694248e-07,4.5262998758662404e-05,3.5694210230466554,0.00014478291700115165
1.1029999999999889,3558,9.886893126999454e-06,3.510966346969756e-05,5.11553789706214e-05,0.0002764008146217244,0.0006390066703359546,0.002707414781350491,0.008688981988307655,0.0019200701834644195,19.898819561551434,9.277258156637187e-07,4.5262998758662404e-05,3.794266441821248,0.00014600120686125706
1.1039999999999888,3558,9.988322801440215e-06,3.502279365449381e-05,5.105379764559292e-05,0.00027617143644463707,0.0006436371888141971,0.002741291260796546,0.008769796292581952,0.0019200701834644195,19.898819561551434,9.491376427235562e-07,4.5262998758662404e-05,3.9066891512085444,0.00014714702691520642
1.1049999999999887,3558,1.0090163967064373e-05,3.4807178021426065e-05,5.041506668214295e-05,0.00027569564443435837,0.0006481127018731046,0.002710434618046177,0.008679579546696452,0.0019200701834644195,19.898819561551434,9.711660559708661e-07,4.5262998758662404e-05,3.9910061832490165,0.00014817745223538736
1.1059999999999885,3558,1.0193208533786471e-05,3.44985536806706e-05,5.033050556411616e-05,0.00027501024775816263,0.0006526321460667834,0.0027127221476271274,0.008442797180531805,0.0019200701834644195,19.898819561551434,9.92478869335037e-07,4.5262998758662404e-05,3.9910061832490165,0.00014905580676227714
1.1069999999999884,3558,1.0298213233990137e-05,3.4332379139008135e-05,5.066568937143916e-05,0.000274159260826202,0.0006566350867322681,0.002689185578458617,0.008086600874595921,0.0019200701834644195,19.898819561551434,1.0137998511996068e-06,4.5262998758662404e-05,3.9910061832490165,0.0001497533526340078
1.1079999999999883,3558,1.0404896915591342e-05,3.4163416415194256e-05,5.115551503686768e-05,0.0002731919155941706,0.0006593143941256065,0.002688135149580366,0.007776608714278545,0.0019200701834644195,19.898819561551434,1.035355677532101e-06,4.5262998758662404e-05,4.1596402473299605,0.00015025053365391727
1.1089999999999882,3558,1.051314369778704e-05,3.3889420322761555e-05,5.171453042240012e-05,0.0002721604513696952,0.0006612015394944243,0.0026153910813760182,0.007756277962045099,0.0019200701834644195,19.898819561551434,1.0568696550967557e-06,4.5262998758662404e-05,4.3844856661045535,0.00015053771234008195
1.109999999999988,3558,1.0623250175479897e-05,3.364932544566416e-05,5.252776547656753e-05,0.0002711177355234414,0.0006630502222857352,0.0025986855376972325,0.00759487060421007,0.0019200701834644195,19.898819561551434,1.0793528218766925e-06,4.5262998758662404e-05,4.440697020798201,0.00015061537325422591
1.110999999999988,3558,1.0735162128520304e-05,3.3536474861687805e-05,5.3282560300350335e-05,0.0002701147868750841,0.000665568506672412,0.0025849391190295493,0.00745769824729276,0.0019200701834644195,19.898819561551434,1.1035975911502437e-06,4.5262998758662404e-05,4.5250140528386735,0.00015049379788933948
1.1119999999999879,3558,1.0848156423261373e-05,3.334412055141788e-05,5.3574846005816304e-05,0.00026919829983833527,0.0006693638061802204,0.0025962943885446937,0.007164656380655475,0.0019200701834644195,19.898819561551434,1.1285250412791153e-06,4.5262998758662404e-05,4.693648116919618,0.00015019224632339956
1.1129999999999878,3558,1.0961638392086846e-05,3.314544016012123e-05,5.3819562269500275e-05,0.00026840829727047563,0.0006738068790047239,0.0025616626202020158,0.006731699379439118,0.0019200701834644195,19.898819561551434,1.1532329431776323e-06,4.5262998758662404e-05,4.693648116919618,0.0001497377064438865
1.1139999999999877,3558,1.1075179006261503e-05,3.304569945657807e-05,5.363906357330968e-05,0.00026777606673188066,0.0006783595131779231,0.002580087915764716,0.006339145387490864,0.0019200701834644195,19.898819561551434,1.1778888589218694e-06,4.5262998758662404e-05,4.8903878583473865,0.0001491632915282537
1.1149999999999876,3558,1.1188478832273818e-05,3.296075518014663e-05,5.3629022615249284e-05,0.00026732255035990073,0.0006825878282352681,0.002565977588964623,0.006819761350107208,0.0019200701834644195,19.898819561551434,1.2026623983423465e-06,4.5262998758662404e-05,4.8903878583473865,0.00014850638057950505
1.1159999999999874,3558,1.1301972385953472e-05,3.298123956497454e-05,5.337109932216288e-05,0.0002670573535166221,0.0006864408968574255,0.002521837886151022,0.007177371638248574,0.0019200701834644195,19.898819561551434,1.2267457621843629e-06,4.5262998758662404e-05,4.946599213041035,0.00014780660411517488
1.1169999999999873,3558,1.1415429086173658e-05,3.307111365517937e-05,5.351694697217149e-05,0.0002669785051974225,0.0006895289747947562,0.0024945831896799513,0.0074112994109128165,0.0019200701834644195,19.898819561551434,1.25045899327228e-06,4.5262998758662404e-05,5.311973018549747,0.00014710378070503793
1.1179999999999872,3558,1.1529095199616471e-05,3.3088777000929024e-05,5.366406960335186e-05,0.000267073044026973,0.0006915776426468873,0.00247076546204256,0.007521734127208655,0.0019200701834644195,19.898819561551434,1.2732962770265904e-06,4.5262998758662404e-05,5.311973018549747,0.00014643590738927514
1.1189999999999871,3558,1.1643218977501928e-05,3.318777334866579e-05,5.3841991932197515e-05,0.0002673184229068021,0.0006939779521567971,0.0024430691138882005,0.007509699438612875,0.0019200701834644195,19.898819561551434,1.2967945188222067e-06,4.5262998758662404e-05,5.53681843732434,0.0001458373014777692
1.119999999999987,3558,1.1758033126076172e-05,3.300888286747667e-05,5.437381338993307e-05,0.00026768463412583606,0.0006963933356668919,0.0024389290084575713,0.007377135264188727,0.0019200701834644195,19.898819561551434,1.321756639384821e-06,4.5262998758662404e-05,5.649241146711636,0.00014533698204033385
1.120999999999987,3558,1.1874489464206032e-05,3.28361609557329e-05,5.476062937678834e-05,0.00026813687152658206,0.0006988357919955214,0.0024223400298674343,0.007127043816966585,0.0019200701834644195,19.898819561551434,1.3457024942042167e-06,4.5262998758662404e-05,5.649241146711636,0.0001449573669951576
1.1219999999999868,3558,1.1993525744465e-05,3.271520922105379e-05,5.494993458481198e-05,0.0002686384820789311,0.000701889915820493,0.0024098380910291253,0.006763652489072651,0.0019200701834644195,19.898819561551434,1.3703145661956489e-06,4.5262998758662404e-05,5.649241146711636,0.00014471334703713978
1.1229999999999867,3558,1.2116106646585943e-05,3.262438049631996e-05,5.487081775241927e-05,0.0002691539257279276,0.0007053865230193221,0.002397375090188297,0.006695187374280024,0.0019200701834644195,19.898819561551434,1.3962477652783893e-06,4.5262998758662404e-05,5.649241146711636,0.00014461177995173102
1.1239999999999866,3558,1.2241893776360966e-05,3.256629264836437e-05,5.4838635537229166e-05,0.0002696514655427065,0.0007088575123655692,0.0024264697397867858,0.0077562070009690315,0.0019200701834644195,19.898819561551434,1.423240734532291e-06,4.5262998758662404e-05,5.902192242833052,0.00014465142845310197
1.1249999999999865,3558,1.237148232245977e-05,3.2441194549452316e-05,5.4862536458236914e-05,0.00027010534797449696,0.0007123695643369477,0.0024065806718750068,0.008711334127845399,0.0019200701834644195,19.898819561551434,1.4509538840510737e-06,4.5262998758662404e-05,6.098931984260821,0.00014482334227849947
1.1259999999999863,3558,1.2502944496830943e-05,3.236038111303699e-05,5.4950339863757424e-05,0.00027049729719974086,0.0007156465997118595,0.0024109261779232064,0.009491736583219931,0.0019200701834644195,19.898819561551434,1.4785327024973923e-06,4.5262998758662404e-05,6.098931984260821,0.00014511166119746122
1.1269999999999862,3558,1.263416857481442e-05,3.222254869144939e-05,5.49076505546656e-05,0.00027081722822021407,0.0007185476937378968,0.002396644268607661,0.010040377721737347,0.0019200701834644195,19.898819561551434,1.5052913397896745e-06,4.5262998758662404e-05,6.267566048341765,0.00014549479077885508
1.1279999999999861,3558,1.2764559086343285e-05,3.211209995713496e-05,5.468422400867954e-05,0.0002710631697401002,0.0007207088709640563,0.0023523896551609254,0.010313534198295218,0.0019200701834644195,19.898819561551434,1.5309876649741033e-06,4.5262998758662404e-05,6.408094435075886,0.00014594687939606388
1.128999999999986,3558,1.289374660874578e-05,3.1988716649815947e-05,5.4543655132060034e-05,0.0002712404678400076,0.0007225707976420276,0.002317058892884597,0.010282414094229255,0.0019200701834644195,19.898819561551434,1.555525940576009e-06,4.5262998758662404e-05,6.492411467116358,0.0001464395043235811
1.129999999999986,3558,1.3022399464596255e-05,3.206333268619581e-05,5.437877514916707e-05,0.00027136040704009944,0.000724025085719404,0.0022930038478078158,0.009934294803222358,0.001920084305550153,19.898819561551434,1.5808818630401726e-06,4.5262998758662404e-05,6.492411467116358,0.00014694345911792084
1.1309999999999858,3558,1.3151250779509555e-05,3.191813367949649e-05,5.466671794056062e-05,0.00027143843066060856,0.0007247147790024739,0.002262932454490462,0.009272885220353723,0.001920123150060746,19.898819561551434,1.6075580505682549e-06,4.5262998758662404e-05,6.492411467116358,0.00014743052569343718
1.1319999999999857,3558,1.328042324663112e-05,3.1871110956370096e-05,5.4165695044203866e-05,0.00027149216323491633,0.0007250648923564945,0.002259002855843279,0.00831779843700692,0.0019201633394199348,19.898819561551434,1.634584562716645e-06,4.5262998758662404e-05,6.604834176503653,0.00014787511414837695
1.1329999999999856,3558,1.3411640753919166e-05,3.184394801946044e-05,5.358261370187007e-05,0.0002715394345017565,0.0007251638996398514,0.0022203742795543157,0.007103146557838691,0.0019202059259879906,19.898819561551434,1.662361300709575e-06,4.5262998758662404e-05,6.801573917931422,0.000148255661990504
1.1339999999999855,3558,1.3543731272028182e-05,3.189027894657668e-05,5.32989680881234e-05,0.000271596480430139,0.0007254083646115097,0.0022007180952596087,0.006007707889612143,0.0019202519878232934,19.898819561551434,1.6883946838618807e-06,4.5262998758662404e-05,6.801573917931422,0.00014855570218585967
1.1349999999999854,3558,1.3677164061450885e-05,3.1928121100131994e-05,5.400821139592841e-05,0.0002716764567689654,0.000726023917413508,0.00215498320254155,0.005689937670996981,0.0019203026097546667,19.898819561551434,1.7136371671467917e-06,4.5262998758662404e-05,6.801573917931422,0.00014876453519363508
1.1359999999999852,3558,1.3810175380392851e-05,3.191400929135087e-05,5.469627096458993e-05,0.00027178835200669996,0.0007274432260325324,0.002156419017271113,0.0052443012020956525,0.0019203588751302914,19.898819561551434,1.7388394367888717e-06,4.5262998758662404e-05,6.801573917931422,0.00014887747170178045
1.1369999999999851,3558,1.3944233065258842e-05,3.194843047479997e-05,5.5248251686681266e-05,0.0002719363376804677,0.0007288634838721008,0.0021649253210443828,0.005486510620148199,0.001920421861959991,19.898819561551434,1.763362341595698e-06,4.5262998758662404e-05,6.942102304665543,0.00014889564781128684
1.137999999999985,3558,1.407859922546032e-05,3.1997227680443935e-05,5.584240506719238e-05,0.00027211955058586615,0.000730263704389219,0.0021852986603072507,0.006021229750720705,0.001920492645780401,19.898819561551434,1.7874993722144326e-06,4.5262998758662404e-05,7.223159078133783,0.00014882544886418714
1.138999999999985,3558,1.4212781483756056e-05,3.221489668008606e-05,5.653225907090006e-05,0.0002723322685092598,0.000731600760668039,0.0021959925089813344,0.00641838152802412,0.001920572304648159,19.898819561551434,1.8117554765771227e-06,4.5262998758662404e-05,7.223159078133783,0.00014867760962289367
1.1399999999999848,3558,1.4347277354080468e-05,3.2305157616789564e-05,5.670496505619796e-05,0.00027256442067405477,0.000733672336275214,0.0022126136641986522,0.00666534315620575,0.0019206619398952943,19.898819561551434,1.8365413535022157e-06,4.5262998758662404e-05,7.223159078133783,0.00014846608260654648
1.1409999999999847,3558,1.4482122170423388e-05,3.2333317878914004e-05,5.675101971797709e-05,0.00027280236489607196,0.0007363025838210698,0.0021602263863444585,0.006754143855092015,0.0019207626920646466,19.898819561551434,1.8613506402694807e-06,4.5262998758662404e-05,7.588532883642496,0.00014820678210014648
1.1419999999999846,3558,1.461752819604908e-05,3.246195608970902e-05,5.674987834758739e-05,0.0002730298625088262,0.0007396738909834335,0.002159388048930472,0.006682079741324373,0.0019208756956319774,19.898819561551434,1.886579584478194e-06,4.5262998758662404e-05,7.75716694772344,0.00014791631578603415
1.1429999999999845,3558,1.4752329734128208e-05,3.260932273163381e-05,5.668606712840143e-05,0.00027322918606800095,0.0007439324298480687,0.0021619231129678534,0.007086675374762209,0.0019210020292958604,19.898819561551434,1.9115036077970486e-06,4.5262998758662404e-05,7.841483979763912,0.00014761080974778906
1.1439999999999844,3558,1.4887243597208734e-05,3.279226232825815e-05,5.651438399645457e-05,0.00027338229964881815,0.0007494049639633698,0.002174883616113449,0.007622321710888447,0.001921142673987518,19.898819561551434,1.9362829136791097e-06,4.5262998758662404e-05,7.897695334457561,0.00014730491640690957
1.1449999999999843,3558,1.502364302679571e-05,3.28219260559772e-05,5.631535297062248e-05,0.0002734720550065382,0.0007555602128514008,0.002173927762115121,0.007908660345409844,0.001921298465408363,19.898819561551434,1.9612470487189086e-06,4.5262998758662404e-05,8.066329398538505,0.00014701107041759087
1.1459999999999841,3558,1.5162429592451743e-05,3.300591170764638e-05,5.599353054379316e-05,0.00027348334836626534,0.0007623046654009463,0.002237522737050901,0.00795838820676447,0.0019214700423140262,19.898819561551434,1.985020288593886e-06,4.5262998758662404e-05,8.206857785272625,0.0001467390284801695
1.146999999999984,3558,1.530256081851198e-05,3.322053675755118e-05,5.572012442397302e-05,0.0002734041826095174,0.0007692559982568888,0.0022407428394239383,0.007792809353022505,0.0019216577837107812,19.898819561551434,2.007148478474166e-06,4.5262998758662404e-05,8.206857785272625,0.00014649569776992166
1.147999999999984,3558,1.5446833729113235e-05,3.338045707953692e-05,5.551259721211052e-05,0.0002732265797674359,0.000775409451045543,0.0022282588752852764,0.007439784598594307,0.001921861736061117,19.955030916245082,2.028938534188024e-06,4.5262998758662404e-05,8.291174817313097,0.0001462852286948646
1.1489999999999838,3558,1.5593971843529647e-05,3.338759830871613e-05,5.538544379425531e-05,0.000272947291342795,0.000779750611832585,0.002202363814904421,0.006931475908401265,0.0019220815340268555,19.955030916245082,2.05026181579653e-06,4.5262998758662404e-05,8.347386172006747,0.0001461093235839428
1.1499999999999837,3558,1.5742414387553635e-05,3.3589345422251295e-05,5.535392706118046e-05,0.0002725682601597192,0.000782826942934852,0.0021875523555132696,0.006302054242835296,0.0019223163090022507,19.955030916245082,2.071199949912776e-06,4.5262998758662404e-05,8.487914558740865,0.00014596769616659344
1.1509999999999836,3558,1.5892053917220277e-05,3.37565437418497e-05,5.5025857363899456e-05,0.00027209679829173425,0.000784660599056207,0.00220455451638884,0.005585534692154587,0.0019225645938573805,19.955030916245082,2.0915471828480473e-06,4.5262998758662404e-05,8.572231590781337,0.0001458586090876679
1.1519999999999835,3558,1.604216438726231e-05,3.397132578082235e-05,5.4534981428975615e-05,0.0002715454607743449,0.0007851081688076971,0.0022003801204558207,0.004813886814593011,0.0019228242140388499,19.955030916245082,2.1117330122747016e-06,4.5262998758662404e-05,8.712759977515457,0.00014577941794158278
1.1529999999999834,3558,1.6193045631329257e-05,3.430251497514784e-05,5.395256228116002e-05,0.0002709316130387961,0.0007846086933839497,0.002186210101065331,0.004684912828899628,0.0019230921473877912,19.955030916245082,2.131400707449437e-06,4.5262998758662404e-05,8.768971332209107,0.00014572706005466785
1.1539999999999833,3558,1.6345517176703397e-05,3.469023331184933e-05,5.307590396881668e-05,0.0002702767094543204,0.0007833207364096639,0.002152850766001982,0.004519009996667631,0.0019233643605050398,19.955030916245082,2.1501820075153076e-06,4.5262998758662404e-05,8.768971332209107,0.00014569844217504624
1.1549999999999832,3558,1.6500993559261948e-05,3.506163107961839e-05,5.255907366712141e-05,0.000269605319093449,0.0007811691281547157,0.0020958307477402347,0.004291308250291122,0.0019236356525295134,19.955030916245082,2.1685426165212726e-06,4.5262998758662404e-05,8.768971332209107,0.00014569070119918592
1.155999999999983,3558,1.665991362494764e-05,3.527578357315304e-05,5.246864576902824e-05,0.0002689439508394399,0.000778221174973505,0.0020509339289347473,0.004010390120157112,0.00192389950327375,19.955030916245082,2.1874883149067797e-06,4.5262998758662404e-05,8.768971332209107,0.00014570133293645426
1.156999999999983,3558,1.68207048730319e-05,3.55255611932686e-05,5.239830050460642e-05,0.0002683197421045475,0.0007759715693796729,0.0020307090435784836,0.004302211654977996,0.001924147965238437,19.955030916245082,2.2058528646678953e-06,4.5262998758662404e-05,8.937605396290051,0.00014572820287028776
1.1579999999999828,3558,1.69825373350703e-05,3.5759514455552344e-05,5.1805873193279296e-05,0.00026775908295041575,0.0007734751074467201,0.001990961566697478,0.004712032823091491,0.0019243716036967252,19.955030916245082,2.2234756376899583e-06,4.5262998758662404e-05,8.937605396290051,0.0001457694677071686
1.1589999999999827,3558,1.714616184857686e-05,3.6169691389395644e-05,5.188271002224879e-05,0.00026728625050263544,0.0007715339142043941,0.00198868330089562,0.005007007708135827,0.0019245595265803886,19.955030916245082,2.2399477789297845e-06,4.5262998758662404e-05,8.937605396290051,0.00014582344555336135
1.1599999999999826,3558,1.7311374889801247e-05,3.636651120853911e-05,5.198788561889311e-05,0.00026692212778144656,0.0007707594517990126,0.0020093899159474645,0.0051736930836707995,0.0019246995213007911,19.955030916245082,2.2560542208872914e-06,4.5262998758662404e-05,8.937605396290051,0.00014588847480467848
1.1609999999999825,3558,1.7477746065672778e-05,3.6575073720203825e-05,5.211540500447143e-05,0.0002666830770717136,0.000770846050220483,0.002053172382204004,0.005202766119866984,0.0019247784600824704,19.955030916245082,2.2712924982446065e-06,4.5262998758662404e-05,9.021922428330523,0.00014596279798695377
1.1619999999999824,3558,1.7644786172541966e-05,3.6696503214562626e-05,5.2202189511003345e-05,0.0002665800314606584,0.0007723386827829331,0.002061186214847201,0.005089627724577901,0.0019247828267174142,19.955030916245082,2.2857787843212494e-06,4.5262998758662404e-05,9.078133783024171,0.00014604449751232096
1.1629999999999823,3558,1.7812714596420694e-05,3.687503519270645e-05,5.217751357259159e-05,0.00026661785926123326,0.0007744813375537366,0.0020722359574628993,0.004834883968587954,0.0019247828267174142,19.955030916245082,2.2996490994961892e-06,4.5262998758662404e-05,9.078133783024171,0.00014613149771491862
1.1639999999999822,3558,1.7982414658784802e-05,3.704845105070503e-05,5.228954201678431e-05,0.00026679504447283645,0.0007770994331408507,0.002091137046295096,0.004444729945014783,0.0019247828267174142,19.955030916245082,2.313935157733815e-06,4.5262998758662404e-05,9.078133783024171,0.00014622163360655804
1.164999999999982,3558,1.815446987494984e-05,3.72386352078128e-05,5.253335606486668e-05,0.00026710371184275594,0.0007799774778861704,0.0020806239916068155,0.004081707209221749,0.0019247828267174142,19.955030916245082,2.3276432584063725e-06,4.5262998758662404e-05,9.078133783024171,0.00014631277380061647
1.165999999999982,3558,1.8328143973419214e-05,3.736275002711442e-05,5.2832186947460176e-05,0.00026753000692168955,0.0007833186790374804,0.0021038495897859207,0.004105037456946199,0.0019247828267174142,19.955030916245082,2.3423179232380327e-06,4.5262998758662404e-05,9.078133783024171,0.00014640297487034104
1.1669999999999818,3558,1.8503585605915247e-05,3.7596342327733005e-05,5.294398375538991e-05,0.00026805482016532605,0.0007860079228608769,0.0021061709386395104,0.004174958861508465,0.0019247828267174142,19.955030916245082,2.3559526227050824e-06,4.5262998758662404e-05,9.078133783024171,0.00014649063884064617
1.1679999999999817,3558,1.8680241132530817e-05,3.7650506136065114e-05,5.30343070528257e-05,0.00026865482046051914,0.0007882626110965006,0.002099338548063214,0.004406984712688561,0.0019247828267174142,19.955030916245082,2.3680247898570365e-06,4.5262998758662404e-05,9.078133783024171,0.00014657464442180412
1.1689999999999816,3558,1.8858133069188408e-05,3.7679546744367665e-05,5.335425728131259e-05,0.00026930373963002165,0.0007904093208598589,0.002079830342540385,0.004558221520361465,0.0019247828267174142,19.955030916245082,2.379680849191639e-06,4.5262998758662404e-05,9.162450815064643,0.00014665442697747721
1.1699999999999815,3558,1.90368301924151e-05,3.7814384255216913e-05,5.368960301566887e-05,0.0002699738279414418,0.0007921676675734714,0.002081718952035949,0.004619589711723131,0.0019247828267174142,19.955030916245082,2.391922554532869e-06,4.5262998758662404e-05,9.218662169758291,0.00014672999030551637
1.1709999999999814,3558,1.9216872888491967e-05,3.8009674238309466e-05,5.351032409781731e-05,0.00027063738449626214,0.0007931373687718086,0.002068792175966298,0.004584122648809712,0.0019247828267174142,19.955030916245082,2.40358253338687e-06,4.5262998758662404e-05,9.218662169758291,0.00014680184424165077
1.1719999999999813,3558,1.9397629350969062e-05,3.8113312315202995e-05,5.327711759833669e-05,0.00027126825788652503,0.0007936394712975464,0.0020658049558015088,0.004447814436190033,0.0019247828267174142,19.955030916245082,2.4147598777644775e-06,4.5262998758662404e-05,9.499718943226531,0.00014687087396580978
1.1729999999999812,3558,1.9578725778837872e-05,3.825229555327861e-05,5.3387386073297635e-05,0.00027184321342594013,0.0007939425570189331,0.002039062382596827,0.004343105292170325,0.0019247828267174142,19.955030916245082,2.424491720793614e-06,4.5262998758662404e-05,9.499718943226531,0.0001469381576981732
1.173999999999981,3558,1.9760505199445317e-05,3.8472630704766497e-05,5.3783062895838226e-05,0.0002723430737872663,0.0007936200217929807,0.0020416192928521116,0.004414129850438349,0.0019247828267174142,19.955030916245082,2.433604199497502e-06,4.5262998758662404e-05,9.584035975267003,0.00014700475784579226
1.174999999999981,3558,1.9944090938981498e-05,3.863749317452722e-05,5.4372306439669925e-05,0.000272753559156854,0.0007927102833887168,0.002019399063744534,0.004476813538315676,0.0019247828267174142,19.955030916245082,2.442595968648465e-06,4.5262998758662404e-05,9.640247329960653,0.00014707151511927918
1.1759999999999808,3558,2.0128226094968246e-05,3.884115724390917e-05,5.51952836027164e-05,0.00027306577897164225,0.0007913117137167678,0.002057650705724181,0.004863058554677661,0.0019247828267174142,19.955030916245082,2.451528365671581e-06,4.5262998758662404e-05,9.83698707138842,0.00014713887525630298
1.1769999999999807,3558,2.0312693453815727e-05,3.9059942315073105e-05,5.5843713204061605e-05,0.00027327635693774746,0.0007897177091801999,0.0020529825436970024,0.005236698252709148,0.0019247828267174142,19.955030916245082,2.459515504462937e-06,4.5262998758662404e-05,9.89319842608207,0.00014720677356550027
1.1779999999999806,3558,2.0497979201101724e-05,3.923030705863572e-05,5.642817235448716e-05,0.0002733872014647834,0.0007879341408232552,0.0020194567087484317,0.00546601016179102,0.0019247828267174142,19.955030916245082,2.467370992452269e-06,4.5262998758662404e-05,9.89319842608207,0.00014727459465291304
1.1789999999999805,3558,2.0685050946056668e-05,3.939200649971319e-05,5.6798752527857256e-05,0.00027340496133923417,0.000785930640769833,0.0020349618420701368,0.005542819968063896,0.0019247828267174142,19.955030916245082,2.4754287135952307e-06,4.5262998758662404e-05,9.89319842608207,0.00014734121401005495
1.1799999999999804,3558,2.0874829806622897e-05,3.9684979487251915e-05,5.69828006740271e-05,0.0002733402291467525,0.0007840804545403416,0.002029562982709715,0.005464354929018333,0.0019247828267174142,19.955030916245082,2.4832592100846403e-06,4.5262998758662404e-05,10.061832490163013,0.00014740511688771107
1.1809999999999803,3558,2.1067390103303474e-05,3.984883010436e-05,5.692782045598529e-05,0.0002732065703125911,0.0007835596242342182,0.002023958180251101,0.005233263775718186,0.0019247828267174142,19.955030916245082,2.4922122002613993e-06,4.5262998758662404e-05,10.061832490163013,0.00014746457907577337
1.1819999999999802,3558,2.126251349111356e-05,4.0069261873425314e-05,5.692450509289898e-05,0.00027301946280397943,0.0007845083028018856,0.002002095828933241,0.004857588945094494,0.0019247828267174142,19.955030916245082,2.502042847370062e-06,4.5262998758662404e-05,10.061832490163013,0.0001475178857823778
1.18299999999998,3558,2.1459400989920605e-05,4.009930807971903e-05,5.6997261015941876e-05,0.0002727952312991062,0.00078609336673357,0.0020078087516499934,0.004350679551397472,0.0019247828267174142,19.955030916245082,2.5131465093220794e-06,4.5262998758662404e-05,10.061832490163013,0.00014756355975009683
1.18399999999998,3558,2.1657577985185188e-05,4.029139143373483e-05,5.714583775873277e-05,0.0002725500508011116,0.0007869678215908293,0.001984879124845796,0.004051352723896856,0.0019247828267174142,19.955030916245082,2.525547033544707e-06,4.5262998758662404e-05,10.202360876897133,0.00014760056858520443
1.1849999999999798,3558,2.1857192528646377e-05,4.051641794140258e-05,5.735399517602272e-05,0.00027229907988194106,0.0007879303936883698,0.001986663279148765,0.0040615364217368236,0.0019247828267174142,19.955030916245082,2.5397339801102397e-06,4.5262998758662404e-05,10.202360876897133,0.00014762848440952325
1.1859999999999797,3558,2.2057390873818507e-05,4.068293570561019e-05,5.7607838734183796e-05,0.0002720557651617249,0.0007884730890646182,0.0019720215197962954,0.003994893214304378,0.0019247828267174142,19.955030916245082,2.5527279771259854e-06,4.5262998758662404e-05,10.202360876897133,0.0001476475754635942
1.1869999999999796,3558,2.2257211062797157e-05,4.089913984611883e-05,5.7792968370917204e-05,0.0002718313387562953,0.0007881031795146595,0.0019525717311220138,0.0038525763996717292,0.0019247828267174142,19.955030916245082,2.5672018801675747e-06,4.5262998758662404e-05,10.202360876897133,0.00014765881839196027
1.1879999999999795,3558,2.24561887622304e-05,4.129885480544601e-05,5.7725741969154194e-05,0.00027163451167933837,0.0007872056412660355,0.0019691941807592583,0.003638089593644693,0.0019247828267174142,19.955030916245082,2.5830434576371577e-06,4.5262998758662404e-05,10.342889263631253,0.00014766383024777952
1.1889999999999794,3558,2.2653520302569243e-05,4.164792219525532e-05,5.740491353728497e-05,0.0002714713504418935,0.000785473433879222,0.0019630517873290283,0.0034969249503908157,0.0019247828267174142,19.955030916245082,2.5994532854406538e-06,4.5262998758662404e-05,10.427206295671725,0.00014766472948224418
1.1899999999999793,3558,2.284819671034891e-05,4.187676155366555e-05,5.699394749844227e-05,0.0002713453129334189,0.0007827304055444704,0.0019640278252044106,0.003937124216095388,0.0019252687028481063,19.955030916245082,2.617629571756924e-06,4.5262998758662404e-05,10.483417650365375,0.0001476639434088156
1.1909999999999792,3558,2.3039511409087107e-05,4.232702490088792e-05,5.652483553723076e-05,0.0002712574132735398,0.0007794757419737729,0.001973145231116523,0.0042972424108179905,0.0019261841279550264,19.955030916245082,2.636787057732424e-06,4.5262998758662404e-05,10.623946037099493,0.00014766398562926497
1.191999999999979,3558,2.3227064490658344e-05,4.243236237946179e-05,5.601041116978389e-05,0.0002712064836544373,0.0007762049636456295,0.0019499390625958765,0.004566342417014676,0.0019270433670085906,19.955030916245082,2.6558635513633546e-06,4.5262998758662404e-05,10.623946037099493,0.00014766722914316688
1.192999999999979,3558,2.3410385513750735e-05,4.261875916428876e-05,5.5465067868251e-05,0.00027118950311214745,0.0007724500452816279,0.0019613879977688885,0.0047360784233853054,0.0019278463910187378,19.955030916245082,2.673554018401311e-06,4.5262998758662404e-05,10.708263069139965,0.0001476756998179951
1.1939999999999789,3558,2.3588527830375455e-05,4.295146829106159e-05,5.526546194773013e-05,0.0002712019673406708,0.0007679547581247859,0.001962689221418993,0.004800850911918937,0.0019285934137191563,19.955030916245082,2.6910371201785475e-06,4.5262998758662404e-05,10.764474423833615,0.0001476909105804225
1.1949999999999787,3558,2.376024157469582e-05,4.311821598889257e-05,5.498356359971541e-05,0.00027123827870561906,0.0007630296954576122,0.001971739607180971,0.004757925386841772,0.0019292846836794053,19.955030916245082,2.7085213088318336e-06,4.5262998758662404e-05,10.989319842608207,0.0001477137499605874
1.1959999999999786,3558,2.3924717041248958e-05,4.335503720791865e-05,5.487074819744167e-05,0.00027129214018941093,0.0007577629160684114,0.0019728214883478114,0.004607477558881391,0.0019299208589922802,19.955030916245082,2.724882639120412e-06,4.5262998758662404e-05,10.989319842608207,0.00014774443069498489
1.1969999999999785,3558,2.4081447588011547e-05,4.3419964016331353e-05,5.512163383801241e-05,0.00027135694043946534,0.000753256443404634,0.001960485318915997,0.004440402516426162,0.0019305018848168964,19.955030916245082,2.740545869511584e-06,4.5262998758662404e-05,10.989319842608207,0.00014778249605384985
1.1979999999999784,3558,2.4230163856180567e-05,4.3657013771233346e-05,5.534637665289507e-05,0.0002714261189661149,0.0007502595696368402,0.001961978911019885,0.004405689113184278,0.0019310259572288603,19.955030916245082,2.7561541296136295e-06,4.5262998758662404e-05,11.129848229342327,0.00014782687452452592
1.1989999999999783,3558,2.437062683671999e-05,4.369621229450642e-05,5.539616705644629e-05,0.000271493501102977,0.0007498629374018349,0.0019478557975464183,0.0042575029354503585,0.0019314892096456854,19.955030916245082,2.7721935560002992e-06,4.5262998758662404e-05,11.129848229342327,0.00014787596873944153
1.1999999999999782,3558,2.4503169972352923e-05,4.3881821841898994e-05,5.5390581673893205e-05,0.00027155359217934886,0.0007526627850976507,0.001965269335839736,0.004006503171748289,0.0019318857381117574,19.955030916245082,2.7871020184666998e-06,4.5262998758662404e-05,11.129848229342327,0.0001479277621996289
1.200999999999978,3558,2.4628686069890357e-05,4.410014540531468e-05,5.5262227440320714e-05,0.00027160182001290627,0.0007578368443566033,0.001976963057643958,0.0036657738776758792,0.0019322075927754895,19.955030916245082,2.800476532965741e-06,4.5262998758662404e-05,11.129848229342327,0.00014797992800907878
