element_id,node_1,node_2,node_3
1,1,2,79
2,1,79,78
3,2,3,80
4,2,80,79
5,3,4,81
6,3,81,80
7,4,5,82
8,4,82,81
9,5,6,83
10,5,83,82
11,6,7,84
12,6,84,83
13,7,8,85
14,7,85,84
15,8,9,86
16,8,86,85
17,9,10,87
18,9,87,86
19,10,11,88
20,10,88,87
21,11,12,89
22,11,89,88
23,12,13,90
24,12,90,89
25,13,14,91
26,13,91,90
27,14,15,92
28,14,92,91
29,15,16,93
30,15,93,92
31,16,17,94
32,16,94,93
33,17,18,95
34,17,95,94
35,18,19,96
36,18,96,95
37,19,20,97
38,19,97,96
39,20,21,98
40,20,98,97
41,21,22,99
42,21,99,98
43,22,23,100
44,22,100,99
45,23,24,101
46,23,101,100
47,24,25,102
48,24,102,101
49,25,26,103
50,25,103,102
51,26,27,104
52,26,104,103
53,27,28,105
54,27,105,104
55,28,29,106
56,28,106,105
57,29,30,107
58,29,107,106
59,30,31,108
60,30,108,107
61,31,32,109
62,31,109,108
63,32,33,110
64,32,110,109
65,33,34,111
66,33,111,110
67,34,35,112
68,34,112,111
69,35,36,113
70,35,113,112
71,36,37,114
72,36,114,113
73,37,38,115
74,37,115,114
75,38,39,116
76,38,116,115
77,39,40,117
78,39,117,116
79,40,41,118
80,40,118,117
81,41,42,119
82,41,119,118
83,42,43,120
84,42,120,119
85,43,44,121
86,43,121,120
87,44,45,122
88,44,122,121
89,45,46,123
90,45,123,122
91,46,47,124
92,46,124,123
93,47,48,125
94,47,125,124
95,48,49,126
96,48,126,125
97,49,50,127
98,49,127,126
99,50,51,128
100,50,128,127
101,51,52,129
102,51,129,128
103,52,53,130
104,52,130,129
105,53,54,131
106,53,131,130
107,54,55,132
108,54,132,131
109,55,56,133
110,55,133,132
111,56,57,134
112,56,134,133
113,57,58,135
114,57,135,134
115,58,59,136
116,58,136,135
117,59,60,137
118,59,137,136
119,60,61,138
120,60,138,137
121,61,62,139
122,61,139,138
123,62,63,140
124,62,140,139
125,63,64,141
126,63,141,140
127,64,65,142
128,64,142,141
129,65,66,143
130,65,143,142
131,66,67,144
132,66,144,143
133,67,68,145
134,67,145,144
135,68,69,146
136,68,146,145
137,69,70,147
138,69,147,146
139,70,71,148
140,70,148,147
141,71,72,149
142,71,149,148
143,72,73,150
144,72,150,149
145,73,74,151
146,73,151,150
147,74,75,152
148,74,152,151
149,75,76,153
150,75,153,152
151,76,77,154
152,76,154,153
153,78,79,156
154,78,156,155
155,79,80,157
156,79,157,156
157,80,81,158
158,80,158,157
159,81,82,159
160,81,159,158
161,82,83,160
162,82,160,159
163,83,84,161
164,83,161,160
165,84,85,162
166,84,162,161
167,85,86,163
168,85,163,162
169,86,87,164
170,86,164,163
171,87,88,165
172,87,165,164
173,88,89,166
174,88,166,165
175,89,90,167
176,89,167,166
177,90,91,168
178,90,168,167
179,91,92,169
180,91,169,168
181,92,93,170
182,92,170,169
183,93,94,171
184,93,171,170
185,94,95,172
186,94,172,171
187,95,96,173
188,95,173,172
189,96,97,174
190,96,174,173
191,97,98,175
192,97,175,174
193,98,99,176
194,98,176,175
195,99,100,177
196,99,177,176
197,100,101,178
198,100,178,177
199,101,102,179
200,101,179,178
201,102,103,180
202,102,180,179
203,103,104,181
204,103,181,180
205,104,105,182
206,104,182,181
207,105,106,183
208,105,183,182
209,106,107,184
210,106,184,183
211,107,108,185
212,107,185,184
213,108,109,186
214,108,186,185
215,109,110,187
216,109,187,186
217,110,111,188
218,110,188,187
219,111,112,189
220,111,189,188
221,112,113,190
222,112,190,189
223,113,114,191
224,113,191,190
225,114,115,192
226,114,192,191
227,115,116,193
228,115,193,192
229,116,117,194
230,116,194,193
231,117,118,195
232,117,195,194
233,118,119,196
234,118,196,195
235,119,120,197
236,119,197,196
237,120,121,198
238,120,198,197
239,121,122,199
240,121,199,198
241,122,123,200
242,122,200,199
243,123,124,201
244,123,201,200
245,124,125,202
246,124,202,201
247,125,126,203
248,125,203,202
249,126,127,204
250,126,204,203
251,127,128,205
252,127,205,204
253,128,129,206
254,128,206,205
255,129,130,207
256,129,207,206
257,130,131,208
258,130,208,207
259,131,132,209
260,131,209,208
261,132,133,210
262,132,210,209
263,133,134,211
264,133,211,210
265,134,135,212
266,134,212,211
267,135,136,213
268,135,213,212
269,136,137,214
270,136,214,213
271,137,138,215
272,137,215,214
273,138,139,216
274,138,216,215
275,139,140,217
276,139,217,216
277,140,141,218
278,140,218,217
279,141,142,219
280,141,219,218
281,142,143,220
282,142,220,219
283,143,144,221
284,143,221,220
285,144,145,222
286,144,222,221
287,145,146,223
288,145,223,222
289,146,147,224
290,146,224,223
291,147,148,225
292,147,225,224
293,148,149,226
294,148,226,225
295,149,150,227
296,149,227,226
297,150,151,228
298,150,228,227
299,151,152,229
300,151,229,228
301,152,153,230
302,152,230,229
303,153,154,231
304,153,231,230
305,155,156,233
306,155,233,232
307,156,157,234
308,156,234,233
309,157,158,235
310,157,235,234
311,158,159,236
312,158,236,235
313,159,160,237
314,159,237,236
315,160,161,238
316,160,238,237
317,161,162,239
318,161,239,238
319,162,163,240
320,162,240,239
321,163,164,241
322,163,241,240
323,164,165,242
324,164,242,241
325,165,166,243
326,165,243,242
327,166,167,244
328,166,244,243
329,167,168,245
330,167,245,244
331,168,169,246
332,168,246,245
333,169,170,247
334,169,247,246
335,170,171,248
336,170,248,247
337,171,172,249
338,171,249,248
339,172,173,250
340,172,250,249
341,173,174,251
342,173,251,250
343,174,175,252
344,174,252,251
345,175,176,253
346,175,253,252
347,176,177,254
348,176,254,253
349,177,178,255
350,177,255,254
351,178,179,256
352,178,256,255
353,179,180,257
354,179,257,256
355,180,181,258
356,180,258,257
357,181,182,259
358,181,259,258
359,182,183,260
360,182,260,259
361,183,184,261
362,183,261,260
363,184,185,262
364,184,262,261
365,185,186,263
366,185,263,262
367,186,187,264
368,186,264,263
369,187,188,265
370,187,265,264
371,188,189,266
372,188,266,265
373,189,190,267
374,189,267,266
375,190,191,268
376,190,268,267
377,191,192,269
378,191,269,268
379,192,193,270
380,192,270,269
381,193,194,271
382,193,271,270
383,194,195,272
384,194,272,271
385,195,196,273
386,195,273,272
387,196,197,274
388,196,274,273
389,197,198,275
390,197,275,274
391,198,199,276
392,198,276,275
393,199,200,277
394,199,277,276
395,200,201,278
396,200,278,277
397,201,202,279
398,201,279,278
399,202,203,280
400,202,280,279
401,203,204,281
402,203,281,280
403,204,205,282
404,204,282,281
405,205,206,283
406,205,283,282
407,206,207,284
408,206,284,283
409,207,208,285
410,207,285,284
411,208,209,286
412,208,286,285
413,209,210,287
414,209,287,286
415,210,211,288
416,210,288,287
417,211,212,289
418,211,289,288
419,212,213,290
420,212,290,289
421,213,214,291
422,213,291,290
423,214,215,292
424,214,292,291
425,215,216,293
426,215,293,292
427,216,217,294
428,216,294,293
429,217,218,295
430,217,295,294
431,218,219,296
432,218,296,295
433,219,220,297
434,219,297,296
435,220,221,298
436,220,298,297
437,221,222,299
438,221,299,298
439,222,223,300
440,222,300,299
441,223,224,301
442,223,301,300
443,224,225,302
444,224,302,301
445,225,226,303
446,225,303,302
447,226,227,304
448,226,304,303
449,227,228,305
450,227,305,304
451,228,229,306
452,228,306,305
453,229,230,307
454,229,307,306
455,230,231,308
456,230,308,307
457,232,233,310
458,232,310,309
459,233,234,311
460,233,311,310
461,234,235,312
462,234,312,311
463,235,236,313
464,235,313,312
465,236,237,314
466,236,314,313
467,237,238,315
468,237,315,314
469,238,239,316
470,238,316,315
471,239,240,317
472,239,317,316
473,240,241,318
474,240,318,317
475,241,242,319
476,241,319,318
477,242,243,320
478,242,320,319
479,243,244,321
480,243,321,320
481,244,245,322
482,244,322,321
483,245,246,323
484,245,323,322
485,246,247,324
486,246,324,323
487,247,248,325
488,247,325,324
489,248,249,326
490,248,326,325
491,249,250,327
492,249,327,326
493,250,251,328
494,250,328,327
495,251,252,329
496,251,329,328
497,252,253,330
498,252,330,329
499,253,254,331
500,253,331,330
501,254,255,332
502,254,332,331
503,255,256,333
504,255,333,332
505,256,257,334
506,256,334,333
507,257,258,335
508,257,335,334
509,258,259,336
510,258,336,335
511,259,260,337
512,259,337,336
513,260,261,338
514,260,338,337
515,261,262,339
516,261,339,338
517,262,263,340
518,262,340,339
519,263,264,341
520,263,341,340
521,264,265,342
522,264,342,341
523,265,266,343
524,265,343,342
525,266,267,344
526,266,344,343
527,267,268,345
528,267,345,344
529,268,269,346
530,268,346,345
531,269,270,347
532,269,347,346
533,270,271,348
534,270,348,347
535,271,272,349
536,271,349,348
537,272,273,350
538,272,350,349
539,273,274,351
540,273,351,350
541,274,275,352
542,274,352,351
543,275,276,353
544,275,353,352
545,276,277,354
546,276,354,353
547,277,278,355
548,277,355,354
549,278,279,356
550,278,356,355
551,279,280,357
552,279,357,356
553,280,281,358
554,280,358,357
555,281,282,359
556,281,359,358
557,282,283,360
558,282,360,359
559,283,284,361
560,283,361,360
561,284,285,362
562,284,362,361
563,285,286,363
564,285,363,362
565,286,287,364
566,286,364,363
567,287,288,365
568,287,365,364
569,288,289,366
570,288,366,365
571,289,290,367
572,289,367,366
573,290,291,368
574,290,368,367
575,291,292,369
576,291,369,368
577,292,293,370
578,292,370,369
579,293,294,371
580,293,371,370
581,294,295,372
582,294,372,371
583,295,296,373
584,295,373,372
585,296,297,374
586,296,374,373
587,297,298,375
588,297,375,374
589,298,299,376
590,298,376,375
591,299,300,377
592,299,377,376
593,300,301,378
594,300,378,377
595,301,302,379
596,301,379,378
597,302,303,380
598,302,380,379
599,303,304,381
600,303,381,380
601,304,305,382
602,304,382,381
603,305,306,383
604,305,383,382
605,306,307,384
606,306,384,383
607,307,308,385
608,307,385,384
609,309,310,387
610,309,387,386
611,310,311,388
612,310,388,387
613,311,312,389
614,311,389,388
615,312,313,390
616,312,390,389
617,313,314,391
618,313,391,390
619,314,315,392
620,314,392,391
621,315,316,393
622,315,393,392
623,316,317,394
624,316,394,393
625,317,318,395
626,317,395,394
627,318,319,396
628,318,396,395
629,319,320,397
630,319,397,396
631,320,321,398
632,320,398,397
633,321,322,399
634,321,399,398
635,322,323,400
636,322,400,399
637,323,324,401
638,323,401,400
639,324,325,402
640,324,402,401
641,325,326,403
642,325,403,402
643,326,327,404
644,326,404,403
645,327,328,405
646,327,405,404
647,328,329,406
648,328,406,405
649,329,330,407
650,329,407,406
651,330,331,408
652,330,408,407
653,331,332,409
654,331,409,408
655,332,333,410
656,332,410,409
657,333,334,411
658,333,411,410
659,334,335,412
660,334,412,411
661,335,336,413
662,335,413,412
663,336,337,414
664,336,414,413
665,337,338,415
666,337,415,414
667,338,339,416
668,338,416,415
669,339,340,417
670,339,417,416
671,340,341,418
672,340,418,417
673,341,342,419
674,341,419,418
675,342,343,420
676,342,420,419
677,343,344,421
678,343,421,420
679,344,345,422
680,344,422,421
681,345,346,423
682,345,423,422
683,346,347,424
684,346,424,423
685,347,348,425
686,347,425,424
687,348,349,426
688,348,426,425
689,349,350,427
690,349,427,426
691,350,351,428
692,350,428,427
693,351,352,429
694,351,429,428
695,352,353,430
696,352,430,429
697,353,354,431
698,353,431,430
699,354,355,432
700,354,432,431
701,355,356,433
702,355,433,432
703,356,357,434
704,356,434,433
705,357,358,435
706,357,435,434
707,358,359,436
708,358,436,435
709,359,360,437
710,359,437,436
711,360,361,438
712,360,438,437
713,361,362,439
714,361,439,438
715,362,363,440
716,362,440,439
717,363,364,441
718,363,441,440
719,364,365,442
720,364,442,441
721,365,366,443
722,365,443,442
723,366,367,444
724,366,444,443
725,367,368,445
726,367,445,444
727,368,369,446
728,368,446,445
729,369,370,447
730,369,447,446
731,370,371,448
732,370,448,447
733,371,372,449
734,371,449,448
735,372,373,450
736,372,450,449
737,373,374,451
738,373,451,450
739,374,375,452
740,374,452,451
741,375,376,453
742,375,453,452
743,376,377,454
744,376,454,453
745,377,378,455
746,377,455,454
747,378,379,456
748,378,456,455
749,379,380,457
750,379,457,456
751,380,381,458
752,380,458,457
753,381,382,459
754,381,459,458
755,382,383,460
756,382,460,459
757,383,384,461
758,383,461,460
759,384,385,462
760,384,462,461
761,386,387,464
762,386,464,463
763,387,388,465
764,387,465,464
765,388,389,466
766,388,466,465
767,389,390,467
768,389,467,466
769,390,391,468
770,390,468,467
771,391,392,469
772,391,469,468
773,392,393,470
774,392,470,469
775,393,394,471
776,393,471,470
777,394,395,472
778,394,472,471
779,395,396,473
780,395,473,472
781,396,397,474
782,396,474,473
783,397,398,475
784,397,475,474
785,398,399,476
786,398,476,475
787,399,400,477
788,399,477,476
789,400,401,478
790,400,478,477
791,401,402,479
792,401,479,478
793,402,403,480
794,402,480,479
795,403,404,481
796,403,481,480
797,404,405,482
798,404,482,481
799,405,406,483
800,405,483,482
801,406,407,484
802,406,484,483
803,407,408,485
804,407,485,484
805,408,409,486
806,408,486,485
807,409,410,487
808,409,487,486
809,410,411,488
810,410,488,487
811,411,412,489
812,411,489,488
813,412,413,490
814,412,490,489
815,413,414,491
816,413,491,490
817,414,415,492
818,414,492,491
819,415,416,493
820,415,493,492
821,416,417,494
822,416,494,493
823,417,418,495
824,417,495,494
825,418,419,496
826,418,496,495
827,419,420,497
828,419,497,496
829,420,421,498
830,420,498,497
831,421,422,499
832,421,499,498
833,422,423,500
834,422,500,499
835,423,424,501
836,423,501,500
837,424,425,502
838,424,502,501
839,425,426,503
840,425,503,502
841,426,427,504
842,426,504,503
843,427,428,505
844,427,505,504
845,428,429,506
846,428,506,505
847,429,430,507
848,429,507,506
849,430,431,508
850,430,508,507
851,431,432,509
852,431,509,508
853,432,433,510
854,432,510,509
855,433,434,511
856,433,511,510
857,434,435,512
858,434,512,511
859,435,436,513
860,435,513,512
861,436,437,514
862,436,514,513
863,437,438,515
864,437,515,514
865,438,439,516
866,438,516,515
867,439,440,517
868,439,517,516
869,440,441,518
870,440,518,517
871,441,442,519
872,441,519,518
873,442,443,520
874,442,520,519
875,443,444,521
876,443,521,520
877,444,445,522
878,444,522,521
879,445,446,523
880,445,523,522
881,446,447,524
882,446,524,523
883,447,448,525
884,447,525,524
885,448,449,526
886,448,526,525
887,449,450,527
888,449,527,526
889,450,451,528
890,450,528,527
891,451,452,529
892,451,529,528
893,452,453,530
894,452,530,529
895,453,454,531
896,453,531,530
897,454,455,532
898,454,532,531
899,455,456,533
900,455,533,532
901,456,457,534
902,456,534,533
903,457,458,535
904,457,535,534
905,458,459,536
906,458,536,535
907,459,460,537
908,459,537,536
909,460,461,538
910,460,538,537
911,461,462,539
912,461,539,538
913,463,464,541
914,463,541,540
915,464,465,542
916,464,542,541
917,465,466,543
918,465,543,542
919,466,467,544
920,466,544,543
921,467,468,545
922,467,545,544
923,468,469,546
924,468,546,545
925,469,470,547
926,469,547,546
927,470,471,548
928,470,548,547
929,471,472,549
930,471,549,548
931,472,473,550
932,472,550,549
933,473,474,551
934,473,551,550
935,474,475,552
936,474,552,551
937,475,476,553
938,475,553,552
939,476,477,554
940,476,554,553
941,477,478,555
942,477,555,554
943,478,479,556
944,478,556,555
945,479,480,557
946,479,557,556
947,480,481,558
948,480,558,557
949,481,482,559
950,481,559,558
951,482,483,560
952,482,560,559
953,483,484,561
954,483,561,560
955,484,485,562
956,484,562,561
957,485,486,563
958,485,563,562
959,486,487,564
960,486,564,563
961,487,488,565
962,487,565,564
963,488,489,566
964,488,566,565
965,489,490,567
966,489,567,566
967,490,491,568
968,490,568,567
969,491,492,569
970,491,569,568
971,492,493,570
972,492,570,569
973,493,494,571
974,493,571,570
975,494,495,572
976,494,572,571
977,495,496,573
978,495,573,572
979,496,497,574
980,496,574,573
981,497,498,575
982,497,575,574
983,498,499,576
984,498,576,575
985,499,500,577
986,499,577,576
987,500,501,578
988,500,578,577
989,501,502,579
990,501,579,578
991,502,503,580
992,502,580,579
993,503,504,581
994,503,581,580
995,504,505,582
996,504,582,581
997,505,506,583
998,505,583,582
999,506,507,584
1000,506,584,583
1001,507,508,585
1002,507,585,584
1003,508,509,586
1004,508,586,585
1005,509,510,587
1006,509,587,586
1007,510,511,588
1008,510,588,587
1009,511,512,589
1010,511,589,588
1011,512,513,590
1012,512,590,589
1013,513,514,591
1014,513,591,590
1015,514,515,592
1016,514,592,591
1017,515,516,593
1018,515,593,592
1019,516,517,594
1020,516,594,593
1021,517,518,595
1022,517,595,594
1023,518,519,596
1024,518,596,595
1025,519,520,597
1026,519,597,596
1027,520,521,598
1028,520,598,597
1029,521,522,599
1030,521,599,598
1031,522,523,600
1032,522,600,599
1033,523,524,601
1034,523,601,600
1035,524,525,602
1036,524,602,601
1037,525,526,603
1038,525,603,602
1039,526,527,604
1040,526,604,603
1041,527,528,605
1042,527,605,604
1043,528,529,606
1044,528,606,605
1045,529,530,607
1046,529,607,606
1047,530,531,608
1048,530,608,607
1049,531,532,609
1050,531,609,608
1051,532,533,610
1052,532,610,609
1053,533,534,611
1054,533,611,610
1055,534,535,612
1056,534,612,611
1057,535,536,613
1058,535,613,612
1059,536,537,614
1060,536,614,613
1061,537,538,615
1062,537,615,614
1063,538,539,616
1064,538,616,615
1065,540,541,618
1066,540,618,617
1067,541,542,619
1068,541,619,618
1069,542,543,620
1070,542,620,619
1071,543,544,621
1072,543,621,620
1073,544,545,622
1074,544,622,621
1075,545,546,623
1076,545,623,622
1077,546,547,624
1078,546,624,623
1079,547,548,625
1080,547,625,624
1081,548,549,626
1082,548,626,625
1083,549,550,627
1084,549,627,626
1085,550,551,628
1086,550,628,627
1087,551,552,629
1088,551,629,628
1089,552,553,630
1090,552,630,629
1091,553,554,631
1092,553,631,630
1093,554,555,632
1094,554,632,631
1095,555,556,633
1096,555,633,632
1097,556,557,634
1098,556,634,633
1099,557,558,635
1100,557,635,634
1101,558,559,636
1102,558,636,635
1103,559,560,637
1104,559,637,636
1105,560,561,638
1106,560,638,637
1107,561,562,639
1108,561,639,638
1109,562,563,640
1110,562,640,639
1111,563,564,641
1112,563,641,640
1113,564,565,642
1114,564,642,641
1115,565,566,643
1116,565,643,642
1117,566,567,644
1118,566,644,643
1119,567,568,645
1120,567,645,644
1121,568,569,646
1122,568,646,645
1123,569,570,647
1124,569,647,646
1125,570,571,648
1126,570,648,647
1127,571,572,649
1128,571,649,648
1129,572,573,650
1130,572,650,649
1131,573,574,651
1132,573,651,650
1133,574,575,652
1134,574,652,651
1135,575,576,653
1136,575,653,652
1137,576,577,654
1138,576,654,653
1139,577,578,655
1140,577,655,654
1141,578,579,656
1142,578,656,655
1143,579,580,657
1144,579,657,656
1145,580,581,658
1146,580,658,657
1147,581,582,659
1148,581,659,658
1149,582,583,660
1150,582,660,659
1151,583,584,661
1152,583,661,660
1153,584,585,662
1154,584,662,661
1155,585,586,663
1156,585,663,662
1157,586,587,664
1158,586,664,663
1159,587,588,665
1160,587,665,664
1161,588,589,666
1162,588,666,665
1163,589,590,667
1164,589,667,666
1165,590,591,668
1166,590,668,667
1167,591,592,669
1168,591,669,668
1169,592,593,670
1170,592,670,669
1171,593,594,671
1172,593,671,670
1173,594,595,672
1174,594,672,671
1175,595,596,673
1176,595,673,672
1177,596,597,674
1178,596,674,673
1179,597,598,675
1180,597,675,674
1181,598,599,676
1182,598,676,675
1183,599,600,677
1184,599,677,676
1185,600,601,678
1186,600,678,677
1187,601,602,679
1188,601,679,678
1189,602,603,680
1190,602,680,679
1191,603,604,681
1192,603,681,680
1193,604,605,682
1194,604,682,681
1195,605,606,683
1196,605,683,682
1197,606,607,684
1198,606,684,683
1199,607,608,685
1200,607,685,684
1201,608,609,686
1202,608,686,685
1203,609,610,687
1204,609,687,686
1205,610,611,688
1206,610,688,687
1207,611,612,689
1208,611,689,688
1209,612,613,690
1210,612,690,689
1211,613,614,691
1212,613,691,690
1213,614,615,692
1214,614,692,691
1215,615,616,693
1216,615,693,692
1217,617,618,695
1218,617,695,694
1219,618,619,696
1220,618,696,695
1221,619,620,697
1222,619,697,696
1223,620,621,698
1224,620,698,697
1225,621,622,699
1226,621,699,698
1227,622,623,700
1228,622,700,699
1229,623,624,701
1230,623,701,700
1231,624,625,702
1232,624,702,701
1233,625,626,703
1234,625,703,702
1235,626,627,704
1236,626,704,703
1237,627,628,705
1238,627,705,704
1239,628,629,706
1240,628,706,705
1241,629,630,707
1242,629,707,706
1243,630,631,708
1244,630,708,707
1245,631,632,709
1246,631,709,708
1247,632,633,710
1248,632,710,709
1249,633,634,711
1250,633,711,710
1251,634,635,712
1252,634,712,711
1253,635,636,713
1254,635,713,712
1255,636,637,714
1256,636,714,713
1257,637,638,715
1258,637,715,714
1259,638,639,716
1260,638,716,715
1261,639,640,717
1262,639,717,716
1263,640,641,718
1264,640,718,717
1265,641,642,719
1266,641,719,718
1267,642,643,720
1268,642,720,719
1269,643,644,721
1270,643,721,720
1271,644,645,722
1272,644,722,721
1273,645,646,723
1274,645,723,722
1275,646,647,724
1276,646,724,723
1277,647,648,725
1278,647,725,724
1279,648,649,726
1280,648,726,725
1281,649,650,727
1282,649,727,726
1283,650,651,728
1284,650,728,727
1285,651,652,729
1286,651,729,728
1287,652,653,730
1288,652,730,729
1289,653,654,731
1290,653,731,730
1291,654,655,732
1292,654,732,731
1293,655,656,733
1294,655,733,732
1295,656,657,734
1296,656,734,733
1297,657,658,735
1298,657,735,734
1299,658,659,736
1300,658,736,735
1301,659,660,737
1302,659,737,736
1303,660,661,738
1304,660,738,737
1305,661,662,739
1306,661,739,738
1307,662,663,740
1308,662,740,739
1309,663,664,741
1310,663,741,740
1311,664,665,742
1312,664,742,741
1313,665,666,743
1314,665,743,742
1315,666,667,744
1316,666,744,743
1317,667,668,745
1318,667,745,744
1319,668,669,746
1320,668,746,745
1321,669,670,747
1322,669,747,746
1323,670,671,748
1324,670,748,747
1325,671,672,749
1326,671,749,748
1327,672,673,750
1328,672,750,749
1329,673,674,751
1330,673,751,750
1331,674,675,752
1332,674,752,751
1333,675,676,753
1334,675,753,752
1335,676,677,754
1336,676,754,753
1337,677,678,755
1338,677,755,754
1339,678,679,756
1340,678,756,755
1341,679,680,757
1342,679,757,756
1343,680,681,758
1344,680,758,757
1345,681,682,759
1346,681,759,758
1347,682,683,760
1348,682,760,759
1349,683,684,761
1350,683,761,760
1351,684,685,762
1352,684,762,761
1353,685,686,763
1354,685,763,762
1355,686,687,764
1356,686,764,763
1357,687,688,765
1358,687,765,764
1359,688,689,766
1360,688,766,765
1361,689,690,767
1362,689,767,766
1363,690,691,768
1364,690,768,767
1365,691,692,769
1366,691,769,768
1367,692,693,770
1368,692,770,769
1369,694,695,772
1370,694,772,771
1371,695,696,773
1372,695,773,772
1373,696,697,774
1374,696,774,773
1375,697,698,775
1376,697,775,774
1377,698,699,776
1378,698,776,775
1379,699,700,777
1380,699,777,776
1381,700,701,778
1382,700,778,777
1383,701,702,779
1384,701,779,778
1385,702,703,780
1386,702,780,779
1387,703,704,781
1388,703,781,780
1389,704,705,782
1390,704,782,781
1391,705,706,783
1392,705,783,782
1393,706,707,784
1394,706,784,783
1395,707,708,785
1396,707,785,784
1397,708,709,786
1398,708,786,785
1399,709,710,787
1400,709,787,786
1401,710,711,788
1402,710,788,787
1403,711,712,789
1404,711,789,788
1405,712,713,790
1406,712,790,789
1407,713,714,791
1408,713,791,790
1409,714,715,792
1410,714,792,791
1411,715,716,793
1412,715,793,792
1413,716,717,794
1414,716,794,793
1415,717,718,795
1416,717,795,794
1417,718,719,796
1418,718,796,795
1419,719,720,797
1420,719,797,796
1421,720,721,798
1422,720,798,797
1423,721,722,799
1424,721,799,798
1425,722,723,800
1426,722,800,799
1427,723,724,801
1428,723,801,800
1429,724,725,802
1430,724,802,801
1431,725,726,803
1432,725,803,802
1433,726,727,804
1434,726,804,803
1435,727,728,805
1436,727,805,804
1437,728,729,806
1438,728,806,805
1439,729,730,807
1440,729,807,806
1441,730,731,808
1442,730,808,807
1443,731,732,809
1444,731,809,808
1445,732,733,810
1446,732,810,809
1447,733,734,811
1448,733,811,810
1449,734,735,812
1450,734,812,811
1451,735,736,813
1452,735,813,812
1453,736,737,814
1454,736,814,813
1455,737,738,815
1456,737,815,814
1457,738,739,816
1458,738,816,815
1459,739,740,817
1460,739,817,816
1461,740,741,818
1462,740,818,817
1463,741,742,819
1464,741,819,818
1465,742,743,820
1466,742,820,819
1467,743,744,821
1468,743,821,820
1469,744,745,822
1470,744,822,821
1471,745,746,823
1472,745,823,822
1473,746,747,824
1474,746,824,823
1475,747,748,825
1476,747,825,824
1477,748,749,826
1478,748,826,825
1479,749,750,827
1480,749,827,826
1481,750,751,828
1482,750,828,827
1483,751,752,829
1484,751,829,828
1485,752,753,830
1486,752,830,829
1487,753,754,831
1488,753,831,830
1489,754,755,832
1490,754,832,831
1491,755,756,833
1492,755,833,832
1493,756,757,834
1494,756,834,833
1495,757,758,835
1496,757,835,834
1497,758,759,836
1498,758,836,835
1499,759,760,837
1500,759,837,836
1501,760,761,838
1502,760,838,837
1503,761,762,839
1504,761,839,838
1505,762,763,840
1506,762,840,839
1507,763,764,841
1508,763,841,840
1509,764,765,842
1510,764,842,841
1511,765,766,843
1512,765,843,842
1513,766,767,844
1514,766,844,843
1515,767,768,845
1516,767,845,844
1517,768,769,846
1518,768,846,845
1519,769,770,847
1520,769,847,846
1521,771,772,849
1522,771,849,848
1523,772,773,850
1524,772,850,849
1525,773,774,851
1526,773,851,850
1527,774,775,852
1528,774,852,851
1529,775,776,853
1530,775,853,852
1531,776,777,854
1532,776,854,853
1533,777,778,855
1534,777,855,854
1535,778,779,856
1536,778,856,855
1537,779,780,857
1538,779,857,856
1539,780,781,858
1540,780,858,857
1541,781,782,859
1542,781,859,858
1543,782,783,860
1544,782,860,859
1545,783,784,861
1546,783,861,860
1547,784,785,862
1548,784,862,861
1549,785,786,863
1550,785,863,862
1551,786,787,864
1552,786,864,863
1553,787,788,865
1554,787,865,864
1555,788,789,866
1556,788,866,865
1557,789,790,867
1558,789,867,866
1559,790,791,868
1560,790,868,867
1561,791,792,869
1562,791,869,868
1563,792,793,870
1564,792,870,869
1565,793,794,871
1566,793,871,870
1567,794,795,872
1568,794,872,871
1569,795,796,873
1570,795,873,872
1571,796,797,874
1572,796,874,873
1573,797,798,875
1574,797,875,874
1575,798,799,876
1576,798,876,875
1577,799,800,877
1578,799,877,876
1579,800,801,878
1580,800,878,877
1581,801,802,879
1582,801,879,878
1583,802,803,880
1584,802,880,879
1585,803,804,881
1586,803,881,880
1587,804,805,882
1588,804,882,881
1589,805,806,883
1590,805,883,882
1591,806,807,884
1592,806,884,883
1593,807,808,885
1594,807,885,884
1595,808,809,886
1596,808,886,885
1597,809,810,887
1598,809,887,886
1599,810,811,888
1600,810,888,887
1601,811,812,889
1602,811,889,888
1603,812,813,890
1604,812,890,889
1605,813,814,891
1606,813,891,890
1607,814,815,892
1608,814,892,891
1609,815,816,893
1610,815,893,892
1611,816,817,894
1612,816,894,893
1613,817,818,895
1614,817,895,894
1615,818,819,896
1616,818,896,895
1617,819,820,897
1618,819,897,896
1619,820,821,898
1620,820,898,897
1621,821,822,899
1622,821,899,898
1623,822,823,900
1624,822,900,899
1625,823,824,901
1626,823,901,900
1627,824,825,902
1628,824,902,901
1629,825,826,903
1630,825,903,902
1631,826,827,904
1632,826,904,903
1633,827,828,905
1634,827,905,904
1635,828,829,906
1636,828,906,905
1637,829,830,907
1638,829,907,906
1639,830,831,908
1640,830,908,907
1641,831,832,909
1642,831,909,908
1643,832,833,910
1644,832,910,909
1645,833,834,911
1646,833,911,910
1647,834,835,912
1648,834,912,911
1649,835,836,913
1650,835,913,912
1651,836,837,914
1652,836,914,913
1653,837,838,915
1654,837,915,914
1655,838,839,916
1656,838,916,915
1657,839,840,917
1658,839,917,916
1659,840,841,918
1660,840,918,917
1661,841,842,919
1662,841,919,918
1663,842,843,920
1664,842,920,919
1665,843,844,921
1666,843,921,920
1667,844,845,922
1668,844,922,921
1669,845,846,923
1670,845,923,922
1671,846,847,924
1672,846,924,923
1673,848,849,926
1674,848,926,925
1675,849,850,927
1676,849,927,926
1677,850,851,928
1678,850,928,927
1679,851,852,929
1680,851,929,928
1681,852,853,930
1682,852,930,929
1683,853,854,931
1684,853,931,930
1685,854,855,932
1686,854,932,931
1687,855,856,933
1688,855,933,932
1689,856,857,934
1690,856,934,933
1691,857,858,935
1692,857,935,934
1693,858,859,936
1694,858,936,935
1695,859,860,937
1696,859,937,936
1697,860,861,938
1698,860,938,937
1699,861,862,939
1700,861,939,938
1701,862,863,940
1702,862,940,939
1703,863,864,941
1704,863,941,940
1705,864,865,942
1706,864,942,941
1707,865,866,943
1708,865,943,942
1709,866,867,944
1710,866,944,943
1711,867,868,945
1712,867,945,944
1713,868,869,946
1714,868,946,945
1715,869,870,947
1716,869,947,946
1717,870,871,948
1718,870,948,947
1719,871,872,949
1720,871,949,948
1721,872,873,950
1722,872,950,949
1723,873,874,951
1724,873,951,950
1725,874,875,952
1726,874,952,951
1727,875,876,953
1728,875,953,952
1729,876,877,954
1730,876,954,953
1731,877,878,955
1732,877,955,954
1733,878,879,956
1734,878,956,955
1735,879,880,957
1736,879,957,956
1737,880,881,958
1738,880,958,957
1739,881,882,959
1740,881,959,958
1741,882,883,960
1742,882,960,959
1743,883,884,961
1744,883,961,960
1745,884,885,962
1746,884,962,961
1747,885,886,963
1748,885,963,962
1749,886,887,964
1750,886,964,963
1751,887,888,965
1752,887,965,964
1753,888,889,966
1754,888,966,965
1755,889,890,967
1756,889,967,966
1757,890,891,968
1758,890,968,967
1759,891,892,969
1760,891,969,968
1761,892,893,970
1762,892,970,969
1763,893,894,971
1764,893,971,970
1765,894,895,972
1766,894,972,971
1767,895,896,973
1768,895,973,972
1769,896,897,974
1770,896,974,973
1771,897,898,975
1772,897,975,974
1773,898,899,976
1774,898,976,975
1775,899,900,977
1776,899,977,976
1777,900,901,978
1778,900,978,977
1779,901,902,979
1780,901,979,978
1781,902,903,980
1782,902,980,979
1783,903,904,981
1784,903,981,980
1785,904,905,982
1786,904,982,981
1787,905,906,983
1788,905,983,982
1789,906,907,984
1790,906,984,983
1791,907,908,985
1792,907,985,984
1793,908,909,986
1794,908,986,985
1795,909,910,987
1796,909,987,986
1797,910,911,988
1798,910,988,987
1799,911,912,989
1800,911,989,988
1801,912,913,990
1802,912,990,989
1803,913,914,991
1804,913,991,990
1805,914,915,992
1806,914,992,991
1807,915,916,993
1808,915,993,992
1809,916,917,994
1810,916,994,993
1811,917,918,995
1812,917,995,994
1813,918,919,996
1814,918,996,995
1815,919,920,997
1816,919,997,996
1817,920,921,998
1818,920,998,997
1819,921,922,999
1820,921,999,998
1821,922,923,1000
1822,922,1000,999
1823,923,924,1001
1824,923,1001,1000
1825,925,926,1003
1826,925,1003,1002
1827,926,927,1004
1828,926,1004,1003
1829,927,928,1005
1830,927,1005,1004
1831,928,929,1006
1832,928,1006,1005
1833,929,930,1007
1834,929,1007,1006
1835,930,931,1008
1836,930,1008,1007
1837,931,932,1009
1838,931,1009,1008
1839,932,933,1010
1840,932,1010,1009
1841,933,934,1011
1842,933,1011,1010
1843,934,935,1012
1844,934,1012,1011
1845,935,936,1013
1846,935,1013,1012
1847,936,937,1014
1848,936,1014,1013
1849,937,938,1015
1850,937,1015,1014
1851,938,939,1016
1852,938,1016,1015
1853,939,940,1017
1854,939,1017,1016
1855,940,941,1018
1856,940,1018,1017
1857,941,942,1019
1858,941,1019,1018
1859,942,943,1020
1860,942,1020,1019
1861,943,944,1021
1862,943,1021,1020
1863,944,945,1022
1864,944,1022,1021
1865,945,946,1023
1866,945,1023,1022
1867,946,947,1024
1868,946,1024,1023
1869,947,948,1025
1870,947,1025,1024
1871,948,949,1026
1872,948,1026,1025
1873,949,950,1027
1874,949,1027,1026
1875,950,951,1028
1876,950,1028,1027
1877,951,952,1029
1878,951,1029,1028
1879,952,953,1030
1880,952,1030,1029
1881,953,954,1031
1882,953,1031,1030
1883,954,955,1032
1884,954,1032,1031
1885,955,956,1033
1886,955,1033,1032
1887,956,957,1034
1888,956,1034,1033
1889,957,958,1035
1890,957,1035,1034
1891,958,959,1036
1892,958,1036,1035
1893,959,960,1037
1894,959,1037,1036
1895,960,961,1038
1896,960,1038,1037
1897,961,962,1039
1898,961,1039,1038
1899,962,963,1040
1900,962,1040,1039
1901,963,964,1041
1902,963,1041,1040
1903,964,965,1042
1904,964,1042,1041
1905,965,966,1043
1906,965,1043,1042
1907,966,967,1044
1908,966,1044,1043
1909,967,968,1045
1910,967,1045,1044
1911,968,969,1046
1912,968,1046,1045
1913,969,970,1047
1914,969,1047,1046
1915,970,971,1048
1916,970,1048,1047
1917,971,972,1049
1918,971,1049,1048
1919,972,973,1050
1920,972,1050,1049
1921,973,974,1051
1922,973,1051,1050
1923,974,975,1052
1924,974,1052,1051
1925,975,976,1053
1926,975,1053,1052
1927,976,977,1054
1928,976,1054,1053
1929,977,978,1055
1930,977,1055,1054
1931,978,979,1056
1932,978,1056,1055
1933,979,980,1057
1934,979,1057,1056
1935,980,981,1058
1936,980,1058,1057
1937,981,982,1059
1938,981,1059,1058
1939,982,983,1060
1940,982,1060,1059
1941,983,984,1061
1942,983,1061,1060
1943,984,985,1062
1944,984,1062,1061
1945,985,986,1063
1946,985,1063,1062
1947,986,987,1064
1948,986,1064,1063
1949,987,988,1065
1950,987,1065,1064
1951,988,989,1066
1952,988,1066,1065
1953,989,990,1067
1954,989,1067,1066
1955,990,991,1068
1956,990,1068,1067
1957,991,992,1069
1958,991,1069,1068
1959,992,993,1070
1960,992,1070,1069
1961,993,994,1071
1962,993,1071,1070
1963,994,995,1072
1964,994,1072,1071
1965,995,996,1073
1966,995,1073,1072
1967,996,997,1074
1968,996,1074,1073
1969,997,998,1075
1970,997,1075,1074
1971,998,999,1076
1972,998,1076,1075
1973,999,1000,1077
1974,999,1077,1076
1975,1000,1001,1078
1976,1000,1078,1077
1977,1002,1003,1080
1978,1002,1080,1079
1979,1003,1004,1081
1980,1003,1081,1080
1981,1004,1005,1082
1982,1004,1082,1081
1983,1005,1006,1083
1984,1005,1083,1082
1985,1006,1007,1084
1986,1006,1084,1083
1987,1007,1008,1085
1988,1007,1085,1084
1989,1008,1009,1086
1990,1008,1086,1085
1991,1009,1010,1087
1992,1009,1087,1086
1993,1010,1011,1088
1994,1010,1088,1087
1995,1011,1012,1089
1996,1011,1089,1088
1997,1012,1013,1090
1998,1012,1090,1089
1999,1013,1014,1091
2000,1013,1091,1090
2001,1014,1015,1092
2002,1014,1092,1091
2003,1015,1016,1093
2004,1015,1093,1092
2005,1016,1017,1094
2006,1016,1094,1093
2007,1017,1018,1095
2008,1017,1095,1094
2009,1018,1019,1096
2010,1018,1096,1095
2011,1019,1020,1097
2012,1019,1097,1096
2013,1020,1021,1098
2014,1020,1098,1097
2015,1021,1022,1099
2016,1021,1099,1098
2017,1022,1023,1100
2018,1022,1100,1099
2019,1023,1024,1101
2020,1023,1101,1100
2021,1024,1025,1102
2022,1024,1102,1101
2023,1025,1026,1103
2024,1025,1103,1102
2025,1026,1027,1104
2026,1026,1104,1103
2027,1027,1028,1105
2028,1027,1105,1104
2029,1028,1029,1106
2030,1028,1106,1105
2031,1029,1030,1107
2032,1029,1107,1106
2033,1030,1031,1108
2034,1030,1108,1107
2035,1031,1032,1109
2036,1031,1109,1108
2037,1032,1033,1110
2038,1032,1110,1109
2039,1033,1034,1111
2040,1033,1111,1110
2041,1034,1035,1112
2042,1034,1112,1111
2043,1035,1036,1113
2044,1035,1113,1112
2045,1036,1037,1114
2046,1036,1114,1113
2047,1037,1038,1115
2048,1037,1115,1114
2049,1038,1039,1116
2050,1038,1116,1115
2051,1039,1040,1117
2052,1039,1117,1116
2053,1040,1041,1118
2054,1040,1118,1117
2055,1041,1042,1119
2056,1041,1119,1118
2057,1042,1043,1120
2058,1042,1120,1119
2059,1043,1044,1121
2060,1043,1121,1120
2061,1044,1045,1122
2062,1044,1122,1121
2063,1045,1046,1123
2064,1045,1123,1122
2065,1046,1047,1124
2066,1046,1124,1123
2067,1047,1048,1125
2068,1047,1125,1124
2069,1048,1049,1126
2070,1048,1126,1125
2071,1049,1050,1127
2072,1049,1127,1126
2073,1050,1051,1128
2074,1050,1128,1127
2075,1051,1052,1129
2076,1051,1129,1128
2077,1052,1053,1130
2078,1052,1130,1129
2079,1053,1054,1131
2080,1053,1131,1130
2081,1054,1055,1132
2082,1054,1132,1131
2083,1055,1056,1133
2084,1055,1133,1132
2085,1056,1057,1134
2086,1056,1134,1133
2087,1057,1058,1135
2088,1057,1135,1134
2089,1058,1059,1136
2090,1058,1136,1135
2091,1059,1060,1137
2092,1059,1137,1136
2093,1060,1061,1138
2094,1060,1138,1137
2095,1061,1062,1139
2096,1061,1139,1138
2097,1062,1063,1140
2098,1062,1140,1139
2099,1063,1064,1141
2100,1063,1141,1140
2101,1064,1065,1142
2102,1064,1142,1141
2103,1065,1066,1143
2104,1065,1143,1142
2105,1066,1067,1144
2106,1066,1144,1143
2107,1067,1068,1145
2108,1067,1145,1144
2109,1068,1069,1146
2110,1068,1146,1145
2111,1069,1070,1147
2112,1069,1147,1146
2113,1070,1071,1148
2114,1070,1148,1147
2115,1071,1072,1149
2116,1071,1149,1148
2117,1072,1073,1150
2118,1072,1150,1149
2119,1073,1074,1151
2120,1073,1151,1150
2121,1074,1075,1152
2122,1074,1152,1151
2123,1075,1076,1153
2124,1075,1153,1152
2125,1076,1077,1154
2126,1076,1154,1153
2127,1077,1078,1155
2128,1077,1155,1154
2129,1079,1080,1157
2130,1079,1157,1156
2131,1080,1081,1158
2132,1080,1158,1157
2133,1081,1082,1159
2134,1081,1159,1158
2135,1082,1083,1160
2136,1082,1160,1159
2137,1083,1084,1161
2138,1083,1161,1160
2139,1084,1085,1162
2140,1084,1162,1161
2141,1085,1086,1163
2142,1085,1163,1162
2143,1086,1087,1164
2144,1086,1164,1163
2145,1087,1088,1165
2146,1087,1165,1164
2147,1088,1089,1166
2148,1088,1166,1165
2149,1089,1090,1167
2150,1089,1167,1166
2151,1090,1091,1168
2152,1090,1168,1167
2153,1091,1092,1169
2154,1091,1169,1168
2155,1092,1093,1170
2156,1092,1170,1169
2157,1093,1094,1171
2158,1093,1171,1170
2159,1094,1095,1172
2160,1094,1172,1171
2161,1095,1096,1173
2162,1095,1173,1172
2163,1096,1097,1174
2164,1096,1174,1173
2165,1097,1098,1175
2166,1097,1175,1174
2167,1098,1099,1176
2168,1098,1176,1175
2169,1099,1100,1177
2170,1099,1177,1176
2171,1100,1101,1178
2172,1100,1178,1177
2173,1101,1102,1179
2174,1101,1179,1178
2175,1102,1103,1180
2176,1102,1180,1179
2177,1103,1104,1181
2178,1103,1181,1180
2179,1104,1105,1182
2180,1104,1182,1181
2181,1105,1106,1183
2182,1105,1183,1182
2183,1106,1107,1184
2184,1106,1184,1183
2185,1107,1108,1185
2186,1107,1185,1184
2187,1108,1109,1186
2188,1108,1186,1185
2189,1109,1110,1187
2190,1109,1187,1186
2191,1110,1111,1188
2192,1110,1188,1187
2193,1111,1112,1189
2194,1111,1189,1188
2195,1112,1113,1190
2196,1112,1190,1189
2197,1113,1114,1191
2198,1113,1191,1190
2199,1114,1115,1192
2200,1114,1192,1191
2201,1115,1116,1193
2202,1115,1193,1192
2203,1116,1117,1194
2204,1116,1194,1193
2205,1117,1118,1195
2206,1117,1195,1194
2207,1118,1119,1196
2208,1118,1196,1195
2209,1119,1120,1197
2210,1119,1197,1196
2211,1120,1121,1198
2212,1120,1198,1197
2213,1121,1122,1199
2214,1121,1199,1198
2215,1122,1123,1200
2216,1122,1200,1199
2217,1123,1124,1201
2218,1123,1201,1200
2219,1124,1125,1202
2220,1124,1202,1201
2221,1125,1126,1203
2222,1125,1203,1202
2223,1126,1127,1204
2224,1126,1204,1203
2225,1127,1128,1205
2226,1127,1205,1204
2227,1128,1129,1206
2228,1128,1206,1205
2229,1129,1130,1207
2230,1129,1207,1206
2231,1130,1131,1208
2232,1130,1208,1207
2233,1131,1132,1209
2234,1131,1209,1208
2235,1132,1133,1210
2236,1132,1210,1209
2237,1133,1134,1211
2238,1133,1211,1210
2239,1134,1135,1212
2240,1134,1212,1211
2241,1135,1136,1213
2242,1135,1213,1212
2243,1136,1137,1214
2244,1136,1214,1213
2245,1137,1138,1215
2246,1137,1215,1214
2247,1138,1139,1216
2248,1138,1216,1215
2249,1139,1140,1217
2250,1139,1217,1216
2251,1140,1141,1218
2252,1140,1218,1217
2253,1141,1142,1219
2254,1141,1219,1218
2255,1142,1143,1220
2256,1142,1220,1219
2257,1143,1144,1221
2258,1143,1221,1220
2259,1144,1145,1222
2260,1144,1222,1221
2261,1145,1146,1223
2262,1145,1223,1222
2263,1146,1147,1224
2264,1146,1224,1223
2265,1147,1148,1225
2266,1147,1225,1224
2267,1148,1149,1226
2268,1148,1226,1225
2269,1149,1150,1227
2270,1149,1227,1226
2271,1150,1151,1228
2272,1150,1228,1227
2273,1151,1152,1229
2274,1151,1229,1228
2275,1152,1153,1230
2276,1152,1230,1229
2277,1153,1154,1231
2278,1153,1231,1230
2279,1154,1155,1232
2280,1154,1232,1231
2281,1156,1157,1234
2282,1156,1234,1233
2283,1157,1158,1235
2284,1157,1235,1234
2285,1158,1159,1236
2286,1158,1236,1235
2287,1159,1160,1237
2288,1159,1237,1236
2289,1160,1161,1238
2290,1160,1238,1237
2291,1161,1162,1239
2292,1161,1239,1238
2293,1162,1163,1240
2294,1162,1240,1239
2295,1163,1164,1241
2296,1163,1241,1240
2297,1164,1165,1242
2298,1164,1242,1241
2299,1165,1166,1243
2300,1165,1243,1242
2301,1166,1167,1244
2302,1166,1244,1243
2303,1167,1168,1245
2304,1167,1245,1244
2305,1168,1169,1246
2306,1168,1246,1245
2307,1169,1170,1247
2308,1169,1247,1246
2309,1170,1171,1248
2310,1170,1248,1247
2311,1171,1172,1249
2312,1171,1249,1248
2313,1172,1173,1250
2314,1172,1250,1249
2315,1173,1174,1251
2316,1173,1251,1250
2317,1174,1175,1252
2318,1174,1252,1251
2319,1175,1176,1253
2320,1175,1253,1252
2321,1176,1177,1254
2322,1176,1254,1253
2323,1177,1178,1255
2324,1177,1255,1254
2325,1178,1179,1256
2326,1178,1256,1255
2327,1179,1180,1257
2328,1179,1257,1256
2329,1180,1181,1258
2330,1180,1258,1257
2331,1181,1182,1259
2332,1181,1259,1258
2333,1182,1183,1260
2334,1182,1260,1259
2335,1183,1184,1261
2336,1183,1261,1260
2337,1184,1185,1262
2338,1184,1262,1261
2339,1185,1186,1263
2340,1185,1263,1262
2341,1186,1187,1264
2342,1186,1264,1263
2343,1187,1188,1265
2344,1187,1265,1264
2345,1188,1189,1266
2346,1188,1266,1265
2347,1189,1190,1267
2348,1189,1267,1266
2349,1190,1191,1268
2350,1190,1268,1267
2351,1191,1192,1269
2352,1191,1269,1268
2353,1192,1193,1270
2354,1192,1270,1269
2355,1193,1194,1271
2356,1193,1271,1270
2357,1194,1195,1272
2358,1194,1272,1271
2359,1195,1196,1273
2360,1195,1273,1272
2361,1196,1197,1274
2362,1196,1274,1273
2363,1197,1198,1275
2364,1197,1275,1274
2365,1198,1199,1276
2366,1198,1276,1275
2367,1199,1200,1277
2368,1199,1277,1276
2369,1200,1201,1278
2370,1200,1278,1277
2371,1201,1202,1279
2372,1201,1279,1278
2373,1202,1203,1280
2374,1202,1280,1279
2375,1203,1204,1281
2376,1203,1281,1280
2377,1204,1205,1282
2378,1204,1282,1281
2379,1205,1206,1283
2380,1205,1283,1282
2381,1206,1207,1284
2382,1206,1284,1283
2383,1207,1208,1285
2384,1207,1285,1284
2385,1208,1209,1286
2386,1208,1286,1285
2387,1209,1210,1287
2388,1209,1287,1286
2389,1210,1211,1288
2390,1210,1288,1287
2391,1211,1212,1289
2392,1211,1289,1288
2393,1212,1213,1290
2394,1212,1290,1289
2395,1213,1214,1291
2396,1213,1291,1290
2397,1214,1215,1292
2398,1214,1292,1291
2399,1215,1216,1293
2400,1215,1293,1292
2401,1216,1217,1294
2402,1216,1294,1293
2403,1217,1218,1295
2404,1217,1295,1294
2405,1218,1219,1296
2406,1218,1296,1295
2407,1219,1220,1297
2408,1219,1297,1296
2409,1220,1221,1298
2410,1220,1298,1297
2411,1221,1222,1299
2412,1221,1299,1298
2413,1222,1223,1300
2414,1222,1300,1299
2415,1223,1224,1301
2416,1223,1301,1300
2417,1224,1225,1302
2418,1224,1302,1301
2419,1225,1226,1303
2420,1225,1303,1302
2421,1226,1227,1304
2422,1226,1304,1303
2423,1227,1228,1305
2424,1227,1305,1304
2425,1228,1229,1306
2426,1228,1306,1305
2427,1229,1230,1307
2428,1229,1307,1306
2429,1230,1231,1308
2430,1230,1308,1307
2431,1231,1232,1309
2432,1231,1309,1308
2433,1233,1234,1311
2434,1233,1311,1310
2435,1234,1235,1312
2436,1234,1312,1311
2437,1235,1236,1313
2438,1235,1313,1312
2439,1236,1237,1314
2440,1236,1314,1313
2441,1237,1238,1315
2442,1237,1315,1314
2443,1238,1239,1316
2444,1238,1316,1315
2445,1239,1240,1317
2446,1239,1317,1316
2447,1240,1241,1318
2448,1240,1318,1317
2449,1241,1242,1319
2450,1241,1319,1318
2451,1242,1243,1320
2452,1242,1320,1319
2453,1243,1244,1321
2454,1243,1321,1320
2455,1244,1245,1322
2456,1244,1322,1321
2457,1245,1246,1323
2458,1245,1323,1322
2459,1246,1247,1324
2460,1246,1324,1323
2461,1247,1248,1325
2462,1247,1325,1324
2463,1248,1249,1326
2464,1248,1326,1325
2465,1249,1250,1327
2466,1249,1327,1326
2467,1250,1251,1328
2468,1250,1328,1327
2469,1251,1252,1329
2470,1251,1329,1328
2471,1252,1253,1330
2472,1252,1330,1329
2473,1253,1254,1331
2474,1253,1331,1330
2475,1254,1255,1332
2476,1254,1332,1331
2477,1255,1256,1333
2478,1255,1333,1332
2479,1256,1257,1334
2480,1256,1334,1333
2481,1257,1258,1335
2482,1257,1335,1334
2483,1258,1259,1336
2484,1258,1336,1335
2485,1259,1260,1337
2486,1259,1337,1336
2487,1260,1261,1338
2488,1260,1338,1337
2489,1261,1262,1339
2490,1261,1339,1338
2491,1262,1263,1340
2492,1262,1340,1339
2493,1263,1264,1341
2494,1263,1341,1340
2495,1264,1265,1342
2496,1264,1342,1341
2497,1265,1266,1343
2498,1265,1343,1342
2499,1266,1267,1344
2500,1266,1344,1343
2501,1267,1268,1345
2502,1267,1345,1344
2503,1268,1269,1346
2504,1268,1346,1345
2505,1269,1270,1347
2506,1269,1347,1346
2507,1270,1271,1348
2508,1270,1348,1347
2509,1271,1272,1349
2510,1271,1349,1348
2511,1272,1273,1350
2512,1272,1350,1349
2513,1273,1274,1351
2514,1273,1351,1350
2515,1274,1275,1352
2516,1274,1352,1351
2517,1275,1276,1353
2518,1275,1353,1352
2519,1276,1277,1354
2520,1276,1354,1353
2521,1277,1278,1355
2522,1277,1355,1354
2523,1278,1279,1356
2524,1278,1356,1355
2525,1279,1280,1357
2526,1279,1357,1356
2527,1280,1281,1358
2528,1280,1358,1357
2529,1281,1282,1359
2530,1281,1359,1358
2531,1282,1283,1360
2532,1282,1360,1359
2533,1283,1284,1361
2534,1283,1361,1360
2535,1284,1285,1362
2536,1284,1362,1361
2537,1285,1286,1363
2538,1285,1363,1362
2539,1286,1287,1364
2540,1286,1364,1363
2541,1287,1288,1365
2542,1287,1365,1364
2543,1288,1289,1366
2544,1288,1366,1365
2545,1289,1290,1367
2546,1289,1367,1366
2547,1290,1291,1368
2548,1290,1368,1367
2549,1291,1292,1369
2550,1291,1369,1368
2551,1292,1293,1370
2552,1292,1370,1369
2553,1293,1294,1371
2554,1293,1371,1370
2555,1294,1295,1372
2556,1294,1372,1371
2557,1295,1296,1373
2558,1295,1373,1372
2559,1296,1297,1374
2560,1296,1374,1373
2561,1297,1298,1375
2562,1297,1375,1374
2563,1298,1299,1376
2564,1298,1376,1375
2565,1299,1300,1377
2566,1299,1377,1376
2567,1300,1301,1378
2568,1300,1378,1377
2569,1301,1302,1379
2570,1301,1379,1378
2571,1302,1303,1380
2572,1302,1380,1379
2573,1303,1304,1381
2574,1303,1381,1380
2575,1304,1305,1382
2576,1304,1382,1381
2577,1305,1306,1383
2578,1305,1383,1382
2579,1306,1307,1384
2580,1306,1384,1383
2581,1307,1308,1385
2582,1307,1385,1384
2583,1308,1309,1386
2584,1308,1386,1385
2585,1310,1311,1388
2586,1310,1388,1387
2587,1311,1312,1389
2588,1311,1389,1388
2589,1312,1313,1390
2590,1312,1390,1389
2591,1313,1314,1391
2592,1313,1391,1390
2593,1314,1315,1392
2594,1314,1392,1391
2595,1315,1316,1393
2596,1315,1393,1392
2597,1316,1317,1394
2598,1316,1394,1393
2599,1317,1318,1395
2600,1317,1395,1394
2601,1318,1319,1396
2602,1318,1396,1395
2603,1319,1320,1397
2604,1319,1397,1396
2605,1320,1321,1398
2606,1320,1398,1397
2607,1321,1322,1399
2608,1321,1399,1398
2609,1322,1323,1400
2610,1322,1400,1399
2611,1323,1324,1401
2612,1323,1401,1400
2613,1324,1325,1402
2614,1324,1402,1401
2615,1325,1326,1403
2616,1325,1403,1402
2617,1326,1327,1404
2618,1326,1404,1403
2619,1327,1328,1405
2620,1327,1405,1404
2621,1328,1329,1406
2622,1328,1406,1405
2623,1329,1330,1407
2624,1329,1407,1406
2625,1330,1331,1408
2626,1330,1408,1407
2627,1331,1332,1409
2628,1331,1409,1408
2629,1332,1333,1410
2630,1332,1410,1409
2631,1333,1334,1411
2632,1333,1411,1410
2633,1334,1335,1412
2634,1334,1412,1411
2635,1335,1336,1413
2636,1335,1413,1412
2637,1336,1337,1414
2638,1336,1414,1413
2639,1337,1338,1415
2640,1337,1415,1414
2641,1338,1339,1416
2642,1338,1416,1415
2643,1339,1340,1417
2644,1339,1417,1416
2645,1340,1341,1418
2646,1340,1418,1417
2647,1341,1342,1419
2648,1341,1419,1418
2649,1342,1343,1420
2650,1342,1420,1419
2651,1343,1344,1421
2652,1343,1421,1420
2653,1344,1345,1422
2654,1344,1422,1421
2655,1345,1346,1423
2656,1345,1423,1422
2657,1346,1347,1424
2658,1346,1424,1423
2659,1347,1348,1425
2660,1347,1425,1424
2661,1348,1349,1426
2662,1348,1426,1425
2663,1349,1350,1427
2664,1349,1427,1426
2665,1350,1351,1428
2666,1350,1428,1427
2667,1351,1352,1429
2668,1351,1429,1428
2669,1352,1353,1430
2670,1352,1430,1429
2671,1353,1354,1431
2672,1353,1431,1430
2673,1354,1355,1432
2674,1354,1432,1431
2675,1355,1356,1433
2676,1355,1433,1432
2677,1356,1357,1434
2678,1356,1434,1433
2679,1357,1358,1435
2680,1357,1435,1434
2681,1358,1359,1436
2682,1358,1436,1435
2683,1359,1360,1437
2684,1359,1437,1436
2685,1360,1361,1438
2686,1360,1438,1437
2687,1361,1362,1439
2688,1361,1439,1438
2689,1362,1363,1440
2690,1362,1440,1439
2691,1363,1364,1441
2692,1363,1441,1440
2693,1364,1365,1442
2694,1364,1442,1441
2695,1365,1366,1443
2696,1365,1443,1442
2697,1366,1367,1444
2698,1366,1444,1443
2699,1367,1368,1445
2700,1367,1445,1444
2701,1368,1369,1446
2702,1368,1446,1445
2703,1369,1370,1447
2704,1369,1447,1446
2705,1370,1371,1448
2706,1370,1448,1447
2707,1371,1372,1449
2708,1371,1449,1448
2709,1372,1373,1450
2710,1372,1450,1449
2711,1373,1374,1451
2712,1373,1451,1450
2713,1374,1375,1452
2714,1374,1452,1451
2715,1375,1376,1453
2716,1375,1453,1452
2717,1376,1377,1454
2718,1376,1454,1453
2719,1377,1378,1455
2720,1377,1455,1454
2721,1378,1379,1456
2722,1378,1456,1455
2723,1379,1380,1457
2724,1379,1457,1456
2725,1380,1381,1458
2726,1380,1458,1457
2727,1381,1382,1459
2728,1381,1459,1458
2729,1382,1383,1460
2730,1382,1460,1459
2731,1383,1384,1461
2732,1383,1461,1460
2733,1384,1385,1462
2734,1384,1462,1461
2735,1385,1386,1463
2736,1385,1463,1462
2737,1387,1388,1465
2738,1387,1465,1464
2739,1388,1389,1466
2740,1388,1466,1465
2741,1389,1390,1467
2742,1389,1467,1466
2743,1390,1391,1468
2744,1390,1468,1467
2745,1391,1392,1469
2746,1391,1469,1468
2747,1392,1393,1470
2748,1392,1470,1469
2749,1393,1394,1471
2750,1393,1471,1470
2751,1394,1395,1472
2752,1394,1472,1471
2753,1395,1396,1473
2754,1395,1473,1472
2755,1396,1397,1474
2756,1396,1474,1473
2757,1397,1398,1475
2758,1397,1475,1474
2759,1398,1399,1476
2760,1398,1476,1475
2761,1399,1400,1477
2762,1399,1477,1476
2763,1400,1401,1478
2764,1400,1478,1477
2765,1401,1402,1479
2766,1401,1479,1478
2767,1402,1403,1480
2768,1402,1480,1479
2769,1403,1404,1481
2770,1403,1481,1480
2771,1404,1405,1482
2772,1404,1482,1481
2773,1405,1406,1483
2774,1405,1483,1482
2775,1406,1407,1484
2776,1406,1484,1483
2777,1407,1408,1485
2778,1407,1485,1484
2779,1408,1409,1486
2780,1408,1486,1485
2781,1409,1410,1487
2782,1409,1487,1486
2783,1410,1411,1488
2784,1410,1488,1487
2785,1411,1412,1489
2786,1411,1489,1488
2787,1412,1413,1490
2788,1412,1490,1489
2789,1413,1414,1491
2790,1413,1491,1490
2791,1414,1415,1492
2792,1414,1492,1491
2793,1415,1416,1493
2794,1415,1493,1492
2795,1416,1417,1494
2796,1416,1494,1493
2797,1417,1418,1495
2798,1417,1495,1494
2799,1418,1419,1496
2800,1418,1496,1495
2801,1419,1420,1497
2802,1419,1497,1496
2803,1420,1421,1498
2804,1420,1498,1497
2805,1421,1422,1499
2806,1421,1499,1498
2807,1422,1423,1500
2808,1422,1500,1499
2809,1423,1424,1501
2810,1423,1501,1500
2811,1424,1425,1502
2812,1424,1502,1501
2813,1425,1426,1503
2814,1425,1503,1502
2815,1426,1427,1504
2816,1426,1504,1503
2817,1427,1428,1505
2818,1427,1505,1504
2819,1428,1429,1506
2820,1428,1506,1505
2821,1429,1430,1507
2822,1429,1507,1506
2823,1430,1431,1508
2824,1430,1508,1507
2825,1431,1432,1509
2826,1431,1509,1508
2827,1432,1433,1510
2828,1432,1510,1509
2829,1433,1434,1511
2830,1433,1511,1510
2831,1434,1435,1512
2832,1434,1512,1511
2833,1435,1436,1513
2834,1435,1513,1512
2835,1436,1437,1514
2836,1436,1514,1513
2837,1437,1438,1515
2838,1437,1515,1514
2839,1438,1439,1516
2840,1438,1516,1515
2841,1439,1440,1517
2842,1439,1517,1516
2843,1440,1441,1518
2844,1440,1518,1517
2845,1441,1442,1519
2846,1441,1519,1518
2847,1442,1443,1520
2848,1442,1520,1519
2849,1443,1444,1521
2850,1443,1521,1520
2851,1444,1445,1522
2852,1444,1522,1521
2853,1445,1446,1523
2854,1445,1523,1522
2855,1446,1447,1524
2856,1446,1524,1523
2857,1447,1448,1525
2858,1447,1525,1524
2859,1448,1449,1526
2860,1448,1526,1525
2861,1449,1450,1527
2862,1449,1527,1526
2863,1450,1451,1528
2864,1450,1528,1527
2865,1451,1452,1529
2866,1451,1529,1528
2867,1452,1453,1530
2868,1452,1530,1529
2869,1453,1454,1531
2870,1453,1531,1530
2871,1454,1455,1532
2872,1454,1532,1531
2873,1455,1456,1533
2874,1455,1533,1532
2875,1456,1457,1534
2876,1456,1534,1533
2877,1457,1458,1535
2878,1457,1535,1534
2879,1458,1459,1536
2880,1458,1536,1535
2881,1459,1460,1537
2882,1459,1537,1536
2883,1460,1461,1538
2884,1460,1538,1537
2885,1461,1462,1539
2886,1461,1539,1538
2887,1462,1463,1540
2888,1462,1540,1539
2889,1464,1465,1542
2890,1464,1542,1541
2891,1465,1466,1543
2892,1465,1543,1542
2893,1466,1467,1544
2894,1466,1544,1543
2895,1467,1468,1545
2896,1467,1545,1544
2897,1468,1469,1546
2898,1468,1546,1545
2899,1469,1470,1547
2900,1469,1547,1546
2901,1470,1471,1548
2902,1470,1548,1547
2903,1471,1472,1549
2904,1471,1549,1548
2905,1472,1473,1550
2906,1472,1550,1549
2907,1473,1474,1551
2908,1473,1551,1550
2909,1474,1475,1552
2910,1474,1552,1551
2911,1475,1476,1553
2912,1475,1553,1552
2913,1476,1477,1554
2914,1476,1554,1553
2915,1477,1478,1555
2916,1477,1555,1554
2917,1478,1479,1556
2918,1478,1556,1555
2919,1479,1480,1557
2920,1479,1557,1556
2921,1480,1481,1558
2922,1480,1558,1557
2923,1481,1482,1559
2924,1481,1559,1558
2925,1482,1483,1560
2926,1482,1560,1559
2927,1483,1484,1561
2928,1483,1561,1560
2929,1484,1485,1562
2930,1484,1562,1561
2931,1485,1486,1563
2932,1485,1563,1562
2933,1486,1487,1564
2934,1486,1564,1563
2935,1487,1488,1565
2936,1487,1565,1564
2937,1488,1489,1566
2938,1488,1566,1565
2939,1489,1490,1567
2940,1489,1567,1566
2941,1490,1491,1568
2942,1490,1568,1567
2943,1491,1492,1569
2944,1491,1569,1568
2945,1492,1493,1570
2946,1492,1570,1569
2947,1493,1494,1571
2948,1493,1571,1570
2949,1494,1495,1572
2950,1494,1572,1571
2951,1495,1496,1573
2952,1495,1573,1572
2953,1496,1497,1574
2954,1496,1574,1573
2955,1497,1498,1575
2956,1497,1575,1574
2957,1498,1499,1576
2958,1498,1576,1575
2959,1499,1500,1577
2960,1499,1577,1576
2961,1500,1501,1578
2962,1500,1578,1577
2963,1501,1502,1579
2964,1501,1579,1578
2965,1502,1503,1580
2966,1502,1580,1579
2967,1503,1504,1581
2968,1503,1581,1580
2969,1504,1505,1582
2970,1504,1582,1581
2971,1505,1506,1583
2972,1505,1583,1582
2973,1506,1507,1584
2974,1506,1584,1583
2975,1507,1508,1585
2976,1507,1585,1584
2977,1508,1509,1586
2978,1508,1586,1585
2979,1509,1510,1587
2980,1509,1587,1586
2981,1510,1511,1588
2982,1510,1588,1587
2983,1511,1512,1589
2984,1511,1589,1588
2985,1512,1513,1590
2986,1512,1590,1589
2987,1513,1514,1591
2988,1513,1591,1590
2989,1514,1515,1592
2990,1514,1592,1591
2991,1515,1516,1593
2992,1515,1593,1592
2993,1516,1517,1594
2994,1516,1594,1593
2995,1517,1518,1595
2996,1517,1595,1594
2997,1518,1519,1596
2998,1518,1596,1595
2999,1519,1520,1597
3000,1519,1597,1596
3001,1520,1521,1598
3002,1520,1598,1597
3003,1521,1522,1599
3004,1521,1599,1598
3005,1522,1523,1600
3006,1522,1600,1599
3007,1523,1524,1601
3008,1523,1601,1600
3009,1524,1525,1602
3010,1524,1602,1601
3011,1525,1526,1603
3012,1525,1603,1602
3013,1526,1527,1604
3014,1526,1604,1603
3015,1527,1528,1605
3016,1527,1605,1604
3017,1528,1529,1606
3018,1528,1606,1605
3019,1529,1530,1607
3020,1529,1607,1606
3021,1530,1531,1608
3022,1530,1608,1607
3023,1531,1532,1609
3024,1531,1609,1608
3025,1532,1533,1610
3026,1532,1610,1609
3027,1533,1534,1611
3028,1533,1611,1610
3029,1534,1535,1612
3030,1534,1612,1611
3031,1535,1536,1613
3032,1535,1613,1612
3033,1536,1537,1614
3034,1536,1614,1613
3035,1537,1538,1615
3036,1537,1615,1614
3037,1538,1539,1616
3038,1538,1616,1615
3039,1539,1540,1617
3040,1539,1617,1616
3041,1541,1542,1619
3042,1541,1619,1618
3043,1542,1543,1620
3044,1542,1620,1619
3045,1543,1544,1621
3046,1543,1621,1620
3047,1544,1545,1622
3048,1544,1622,1621
3049,1545,1546,1623
3050,1545,1623,1622
3051,1546,1547,1624
3052,1546,1624,1623
3053,1547,1548,1625
3054,1547,1625,1624
3055,1548,1549,1626
3056,1548,1626,1625
3057,1549,1550,1627
3058,1549,1627,1626
3059,1550,1551,1628
3060,1550,1628,1627
3061,1551,1552,1629
3062,1551,1629,1628
3063,1552,1553,1630
3064,1552,1630,1629
3065,1553,1554,1631
3066,1553,1631,1630
3067,1554,1555,1632
3068,1554,1632,1631
3069,1555,1556,1633
3070,1555,1633,1632
3071,1556,1557,1634
3072,1556,1634,1633
3073,1557,1558,1635
3074,1557,1635,1634
3075,1558,1559,1636
3076,1558,1636,1635
3077,1559,1560,1637
3078,1559,1637,1636
3079,1560,1561,1638
3080,1560,1638,1637
3081,1561,1562,1639
3082,1561,1639,1638
3083,1562,1563,1640
3084,1562,1640,1639
3085,1563,1564,1641
3086,1563,1641,1640
3087,1564,1565,1642
3088,1564,1642,1641
3089,1565,1566,1643
3090,1565,1643,1642
3091,1566,1567,1644
3092,1566,1644,1643
3093,1567,1568,1645
3094,1567,1645,1644
3095,1568,1569,1646
3096,1568,1646,1645
3097,1569,1570,1647
3098,1569,1647,1646
3099,1570,1571,1648
3100,1570,1648,1647
3101,1571,1572,1649
3102,1571,1649,1648
3103,1572,1573,1650
3104,1572,1650,1649
3105,1573,1574,1651
3106,1573,1651,1650
3107,1574,1575,1652
3108,1574,1652,1651
3109,1575,1576,1653
3110,1575,1653,1652
3111,1576,1577,1654
3112,1576,1654,1653
3113,1577,1578,1655
3114,1577,1655,1654
3115,1578,1579,1656
3116,1578,1656,1655
3117,1579,1580,1657
3118,1579,1657,1656
3119,1580,1581,1658
3120,1580,1658,1657
3121,1581,1582,1659
3122,1581,1659,1658
3123,1582,1583,1660
3124,1582,1660,1659
3125,1583,1584,1661
3126,1583,1661,1660
3127,1584,1585,1662
3128,1584,1662,1661
3129,1585,1586,1663
3130,1585,1663,1662
3131,1586,1587,1664
3132,1586,1664,1663
3133,1587,1588,1665
3134,1587,1665,1664
3135,1588,1589,1666
3136,1588,1666,1665
3137,1589,1590,1667
3138,1589,1667,1666
3139,1590,1591,1668
3140,1590,1668,1667
3141,1591,1592,1669
3142,1591,1669,1668
3143,1592,1593,1670
3144,1592,1670,1669
3145,1593,1594,1671
3146,1593,1671,1670
3147,1594,1595,1672
3148,1594,1672,1671
3149,1595,1596,1673
3150,1595,1673,1672
3151,1596,1597,1674
3152,1596,1674,1673
3153,1597,1598,1675
3154,1597,1675,1674
3155,1598,1599,1676
3156,1598,1676,1675
3157,1599,1600,1677
3158,1599,1677,1676
3159,1600,1601,1678
3160,1600,1678,1677
3161,1601,1602,1679
3162,1601,1679,1678
3163,1602,1603,1680
3164,1602,1680,1679
3165,1603,1604,1681
3166,1603,1681,1680
3167,1604,1605,1682
3168,1604,1682,1681
3169,1605,1606,1683
3170,1605,1683,1682
3171,1606,1607,1684
3172,1606,1684,1683
3173,1607,1608,1685
3174,1607,1685,1684
3175,1608,1609,1686
3176,1608,1686,1685
3177,1609,1610,1687
3178,1609,1687,1686
3179,1610,1611,1688
3180,1610,1688,1687
3181,1611,1612,1689
3182,1611,1689,1688
3183,1612,1613,1690
3184,1612,1690,1689
3185,1613,1614,1691
3186,1613,1691,1690
3187,1614,1615,1692
3188,1614,1692,1691
3189,1615,1616,1693
3190,1615,1693,1692
3191,1616,1617,1694
3192,1616,1694,1693
3193,1618,1619,1696
3194,1618,1696,1695
3195,1619,1620,1697
3196,1619,1697,1696
3197,1620,1621,1698
3198,1620,1698,1697
3199,1621,1622,1699
3200,1621,1699,1698
3201,1622,1623,1700
3202,1622,1700,1699
3203,1623,1624,1701
3204,1623,1701,1700
3205,1624,1625,1702
3206,1624,1702,1701
3207,1625,1626,1703
3208,1625,1703,1702
3209,1626,1627,1704
3210,1626,1704,1703
3211,1627,1628,1705
3212,1627,1705,1704
3213,1628,1629,1706
3214,1628,1706,1705
3215,1629,1630,1707
3216,1629,1707,1706
3217,1630,1631,1708
3218,1630,1708,1707
3219,1631,1632,1709
3220,1631,1709,1708
3221,1632,1633,1710
3222,1632,1710,1709
3223,1633,1634,1711
3224,1633,1711,1710
3225,1634,1635,1712
3226,1634,1712,1711
3227,1635,1636,1713
3228,1635,1713,1712
3229,1636,1637,1714
3230,1636,1714,1713
3231,1637,1638,1715
3232,1637,1715,1714
3233,1638,1639,1716
3234,1638,1716,1715
3235,1639,1640,1717
3236,1639,1717,1716
3237,1640,1641,1718
3238,1640,1718,1717
3239,1641,1642,1719
3240,1641,1719,1718
3241,1642,1643,1720
3242,1642,1720,1719
3243,1643,1644,1721
3244,1643,1721,1720
3245,1644,1645,1722
3246,1644,1722,1721
3247,1645,1646,1723
3248,1645,1723,1722
3249,1646,1647,1724
3250,1646,1724,1723
3251,1647,1648,1725
3252,1647,1725,1724
3253,1648,1649,1726
3254,1648,1726,1725
3255,1649,1650,1727
3256,1649,1727,1726
3257,1650,1651,1728
3258,1650,1728,1727
3259,1651,1652,1729
3260,1651,1729,1728
3261,1652,1653,1730
3262,1652,1730,1729
3263,1653,1654,1731
3264,1653,1731,1730
3265,1654,1655,1732
3266,1654,1732,1731
3267,1655,1656,1733
3268,1655,1733,1732
3269,1656,1657,1734
3270,1656,1734,1733
3271,1657,1658,1735
3272,1657,1735,1734
3273,1658,1659,1736
3274,1658,1736,1735
3275,1659,1660,1737
3276,1659,1737,1736
3277,1660,1661,1738
3278,1660,1738,1737
3279,1661,1662,1739
3280,1661,1739,1738
3281,1662,1663,1740
3282,1662,1740,1739
3283,1663,1664,1741
3284,1663,1741,1740
3285,1664,1665,1742
3286,1664,1742,1741
3287,1665,1666,1743
3288,1665,1743,1742
3289,1666,1667,1744
3290,1666,1744,1743
3291,1667,1668,1745
3292,1667,1745,1744
3293,1668,1669,1746
3294,1668,1746,1745
3295,1669,1670,1747
3296,1669,1747,1746
3297,1670,1671,1748
3298,1670,1748,1747
3299,1671,1672,1749
3300,1671,1749,1748
3301,1672,1673,1750
3302,1672,1750,1749
3303,1673,1674,1751
3304,1673,1751,1750
3305,1674,1675,1752
3306,1674,1752,1751
3307,1675,1676,1753
3308,1675,1753,1752
3309,1676,1677,1754
3310,1676,1754,1753
3311,1677,1678,1755
3312,1677,1755,1754
3313,1678,1679,1756
3314,1678,1756,1755
3315,1679,1680,1757
3316,1679,1757,1756
3317,1680,1681,1758
3318,1680,1758,1757
3319,1681,1682,1759
3320,1681,1759,1758
3321,1682,1683,1760
3322,1682,1760,1759
3323,1683,1684,1761
3324,1683,1761,1760
3325,1684,1685,1762
3326,1684,1762,1761
3327,1685,1686,1763
3328,1685,1763,1762
3329,1686,1687,1764
3330,1686,1764,1763
3331,1687,1688,1765
3332,1687,1765,1764
3333,1688,1689,1766
3334,1688,1766,1765
3335,1689,1690,1767
3336,1689,1767,1766
3337,1690,1691,1768
3338,1690,1768,1767
3339,1691,1692,1769
3340,1691,1769,1768
3341,1692,1693,1770
3342,1692,1770,1769
3343,1693,1694,1771
3344,1693,1771,1770
3345,1695,1696,1773
3346,1695,1773,1772
3347,1696,1697,1774
3348,1696,1774,1773
3349,1697,1698,1775
3350,1697,1775,1774
3351,1698,1699,1776
3352,1698,1776,1775
3353,1699,1700,1777
3354,1699,1777,1776
3355,1700,1701,1778
3356,1700,1778,1777
3357,1701,1702,1779
3358,1701,1779,1778
3359,1702,1703,1780
3360,1702,1780,1779
3361,1703,1704,1781
3362,1703,1781,1780
3363,1704,1705,1782
3364,1704,1782,1781
3365,1705,1706,1783
3366,1705,1783,1782
3367,1706,1707,1784
3368,1706,1784,1783
3369,1707,1708,1785
3370,1707,1785,1784
3371,1708,1709,1786
3372,1708,1786,1785
3373,1709,1710,1787
3374,1709,1787,1786
3375,1710,1711,1788
3376,1710,1788,1787
3377,1711,1712,1789
3378,1711,1789,1788
3379,1712,1713,1790
3380,1712,1790,1789
3381,1713,1714,1791
3382,1713,1791,1790
3383,1714,1715,1792
3384,1714,1792,1791
3385,1715,1716,1793
3386,1715,1793,1792
3387,1716,1717,1794
3388,1716,1794,1793
3389,1717,1718,1795
3390,1717,1795,1794
3391,1718,1719,1796
3392,1718,1796,1795
3393,1719,1720,1797
3394,1719,1797,1796
3395,1720,1721,1798
3396,1720,1798,1797
3397,1721,1722,1799
3398,1721,1799,1798
3399,1722,1723,1800
3400,1722,1800,1799
3401,1723,1724,1801
3402,1723,1801,1800
3403,1724,1725,1802
3404,1724,1802,1801
3405,1725,1726,1803
3406,1725,1803,1802
3407,1726,1727,1804
3408,1726,1804,1803
3409,1727,1728,1805
3410,1727,1805,1804
3411,1728,1729,1806
3412,1728,1806,1805
3413,1729,1730,1807
3414,1729,1807,1806
3415,1730,1731,1808
3416,1730,1808,1807
3417,1731,1732,1809
3418,1731,1809,1808
3419,1732,1733,1810
3420,1732,1810,1809
3421,1733,1734,1811
3422,1733,1811,1810
3423,1734,1735,1812
3424,1734,1812,1811
3425,1735,1736,1813
3426,1735,1813,1812
3427,1736,1737,1814
3428,1736,1814,1813
3429,1737,1738,1815
3430,1737,1815,1814
3431,1738,1739,1816
3432,1738,1816,1815
3433,1739,1740,1817
3434,1739,1817,1816
3435,1740,1741,1818
3436,1740,1818,1817
3437,1741,1742,1819
3438,1741,1819,1818
3439,1742,1743,1820
3440,1742,1820,1819
3441,1743,1744,1821
3442,1743,1821,1820
3443,1744,1745,1822
3444,1744,1822,1821
3445,1745,1746,1823
3446,1745,1823,1822
3447,1746,1747,1824
3448,1746,1824,1823
3449,1747,1748,1825
3450,1747,1825,1824
3451,1748,1749,1826
3452,1748,1826,1825
3453,1749,1750,1827
3454,1749,1827,1826
3455,1750,1751,1828
3456,1750,1828,1827
3457,1751,1752,1829
3458,1751,1829,1828
3459,1752,1753,1830
3460,1752,1830,1829
3461,1753,1754,1831
3462,1753,1831,1830
3463,1754,1755,1832
3464,1754,1832,1831
3465,1755,1756,1833
3466,1755,1833,1832
3467,1756,1757,1834
3468,1756,1834,1833
3469,1757,1758,1835
3470,1757,1835,1834
3471,1758,1759,1836
3472,1758,1836,1835
3473,1759,1760,1837
3474,1759,1837,1836
3475,1760,1761,1838
3476,1760,1838,1837
3477,1761,1762,1839
3478,1761,1839,1838
3479,1762,1763,1840
3480,1762,1840,1839
3481,1763,1764,1841
3482,1763,1841,1840
3483,1764,1765,1842
3484,1764,1842,1841
3485,1765,1766,1843
3486,1765,1843,1842
3487,1766,1767,1844
3488,1766,1844,1843
3489,1767,1768,1845
3490,1767,1845,1844
3491,1768,1769,1846
3492,1768,1846,1845
3493,1769,1770,1847
3494,1769,1847,1846
3495,1770,1771,1848
3496,1770,1848,1847
3497,1772,1773,1850
3498,1772,1850,1849
3499,1773,1774,1851
3500,1773,1851,1850
3501,1774,1775,1852
3502,1774,1852,1851
3503,1775,1776,1853
3504,1775,1853,1852
3505,1776,1777,1854
3506,1776,1854,1853
3507,1777,1778,1855
3508,1777,1855,1854
3509,1778,1779,1856
3510,1778,1856,1855
3511,1779,1780,1857
3512,1779,1857,1856
3513,1780,1781,1858
3514,1780,1858,1857
3515,1781,1782,1859
3516,1781,1859,1858
3517,1782,1783,1860
3518,1782,1860,1859
3519,1783,1784,1861
3520,1783,1861,1860
3521,1784,1785,1862
3522,1784,1862,1861
3523,1785,1786,1863
3524,1785,1863,1862
3525,1786,1787,1864
3526,1786,1864,1863
3527,1787,1788,1865
3528,1787,1865,1864
3529,1788,1789,1866
3530,1788,1866,1865
3531,1789,1790,1867
3532,1789,1867,1866
3533,1790,1791,1868
3534,1790,1868,1867
3535,1791,1792,1869
3536,1791,1869,1868
3537,1792,1793,1870
3538,1792,1870,1869
3539,1793,1794,1871
3540,1793,1871,1870
3541,1794,1795,1872
3542,1794,1872,1871
3543,1795,1796,1873
3544,1795,1873,1872
3545,1796,1797,1874
3546,1796,1874,1873
3547,1797,1798,1875
3548,1797,1875,1874
3549,1798,1799,1876
3550,1798,1876,1875
3551,1799,1800,1877
3552,1799,1877,1876
3553,1800,1801,1878
3554,1800,1878,1877
3555,1801,1802,1879
3556,1801,1879,1878
3557,1802,1803,1880
3558,1802,1880,1879
3559,1803,1804,1881
3560,1803,1881,1880
3561,1804,1805,1882
3562,1804,1882,1881
3563,1805,1806,1883
3564,1805,1883,1882
3565,1806,1807,1884
3566,1806,1884,1883
3567,1807,1808,1885
3568,1807,1885,1884
3569,1808,1809,1886
3570,1808,1886,1885
3571,1809,1810,1887
3572,1809,1887,1886
3573,1810,1811,1888
3574,1810,1888,1887
3575,1811,1812,1889
3576,1811,1889,1888
3577,1812,1813,1890
3578,1812,1890,1889
3579,1813,1814,1891
3580,1813,1891,1890
3581,1814,1815,1892
3582,1814,1892,1891
3583,1815,1816,1893
3584,1815,1893,1892
3585,1816,1817,1894
3586,1816,1894,1893
3587,1817,1818,1895
3588,1817,1895,1894
3589,1818,1819,1896
3590,1818,1896,1895
3591,1819,1820,1897
3592,1819,1897,1896
3593,1820,1821,1898
3594,1820,1898,1897
3595,1821,1822,1899
3596,1821,1899,1898
3597,1822,1823,1900
3598,1822,1900,1899
3599,1823,1824,1901
3600,1823,1901,1900
3601,1824,1825,1902
3602,1824,1902,1901
3603,1825,1826,1903
3604,1825,1903,1902
3605,1826,1827,1904
3606,1826,1904,1903
3607,1827,1828,1905
3608,1827,1905,1904
3609,1828,1829,1906
3610,1828,1906,1905
3611,1829,1830,1907
3612,1829,1907,1906
3613,1830,1831,1908
3614,1830,1908,1907
3615,1831,1832,1909
3616,1831,1909,1908
3617,1832,1833,1910
3618,1832,1910,1909
3619,1833,1834,1911
3620,1833,1911,1910
3621,1834,1835,1912
3622,1834,1912,1911
3623,1835,1836,1913
3624,1835,1913,1912
3625,1836,1837,1914
3626,1836,1914,1913
3627,1837,1838,1915
3628,1837,1915,1914
3629,1838,1839,1916
3630,1838,1916,1915
3631,1839,1840,1917
3632,1839,1917,1916
3633,1840,1841,1918
3634,1840,1918,1917
3635,1841,1842,1919
3636,1841,1919,1918
3637,1842,1843,1920
3638,1842,1920,1919
3639,1843,1844,1921
3640,1843,1921,1920
3641,1844,1845,1922
3642,1844,1922,1921
3643,1845,1846,1923
3644,1845,1923,1922
3645,1846,1847,1924
3646,1846,1924,1923
3647,1847,1848,1925
3648,1847,1925,1924
